Arm02_CDS_-_COX1_Arm02_length%3D27926_depth%3D1.00x-blatX,MF133371.1,100.000,664,0,0,55,718,1,664,0.0,1227
Arm02_CDS_-_COX1_Arm02_length%3D27926_depth%3D1.00x-blatX,GQ917247.1,100.000,664,0,0,55,718,1,664,0.0,1227
Arm02_CDS_-_COX1_Arm02_length%3D27926_depth%3D1.00x-blatX,KF808323.1,100.000,651,0,0,64,714,1,651,0.0,1203
Arm02_CDS_-_COX1_Arm02_length%3D27926_depth%3D1.00x-blatX,KT807905.1,99.849,664,1,0,55,718,1,664,0.0,1221
Arm02_CDS_-_COX1_Arm02_length%3D27926_depth%3D1.00x-blatX,KC861551.1,99.849,664,1,0,55,718,1,664,0.0,1221
Arm02_CDS_-_COX1_Arm02_length%3D27926_depth%3D1.00x-blatX,KC861547.1,99.247,664,5,0,55,718,1,664,0.0,1199
Bor01_CDS_-_COX1_Bor01_length%3D27913_depth%3D1.00x-blatX,MF133371.1,100.000,664,0,0,55,718,1,664,0.0,1227
Bor01_CDS_-_COX1_Bor01_length%3D27913_depth%3D1.00x-blatX,GQ917247.1,100.000,664,0,0,55,718,1,664,0.0,1227
Bor01_CDS_-_COX1_Bor01_length%3D27913_depth%3D1.00x-blatX,KF808323.1,100.000,651,0,0,64,714,1,651,0.0,1203
Bor01_CDS_-_COX1_Bor01_length%3D27913_depth%3D1.00x-blatX,KT807905.1,99.849,664,1,0,55,718,1,664,0.0,1221
Bor01_CDS_-_COX1_Bor01_length%3D27913_depth%3D1.00x-blatX,KC861551.1,99.849,664,1,0,55,718,1,664,0.0,1221
Bor01_CDS_-_COX1_Bor01_length%3D27913_depth%3D1.00x-blatX,KC861547.1,99.247,664,5,0,55,718,1,664,0.0,1199
Bor02_CDS_-_COX1_Bor02_length%3D27913_depth%3D1.00x_%28reversed%29-blatX,MF133371.1,100.000,664,0,0,55,718,1,664,0.0,1227
Bor02_CDS_-_COX1_Bor02_length%3D27913_depth%3D1.00x_%28reversed%29-blatX,GQ917247.1,100.000,664,0,0,55,718,1,664,0.0,1227
Bor02_CDS_-_COX1_Bor02_length%3D27913_depth%3D1.00x_%28reversed%29-blatX,KF808323.1,100.000,651,0,0,64,714,1,651,0.0,1203
Bor02_CDS_-_COX1_Bor02_length%3D27913_depth%3D1.00x_%28reversed%29-blatX,KT807905.1,99.849,664,1,0,55,718,1,664,0.0,1221
Bor02_CDS_-_COX1_Bor02_length%3D27913_depth%3D1.00x_%28reversed%29-blatX,KC861551.1,99.849,664,1,0,55,718,1,664,0.0,1221
Bor02_CDS_-_COX1_Bor02_length%3D27913_depth%3D1.00x_%28reversed%29-blatX,KC861547.1,99.247,664,5,0,55,718,1,664,0.0,1199
Bor03_CDS_-_COX1_Bor03_length%3D27913_depth%3D1.00x_%28reversed%29-blatX,MF133371.1,100.000,664,0,0,55,718,1,664,0.0,1227
Bor03_CDS_-_COX1_Bor03_length%3D27913_depth%3D1.00x_%28reversed%29-blatX,GQ917247.1,100.000,664,0,0,55,718,1,664,0.0,1227
Bor03_CDS_-_COX1_Bor03_length%3D27913_depth%3D1.00x_%28reversed%29-blatX,KF808323.1,100.000,651,0,0,64,714,1,651,0.0,1203
Bor03_CDS_-_COX1_Bor03_length%3D27913_depth%3D1.00x_%28reversed%29-blatX,KT807905.1,99.849,664,1,0,55,718,1,664,0.0,1221
Bor03_CDS_-_COX1_Bor03_length%3D27913_depth%3D1.00x_%28reversed%29-blatX,KC861551.1,99.849,664,1,0,55,718,1,664,0.0,1221
Bor03_CDS_-_COX1_Bor03_length%3D27913_depth%3D1.00x_%28reversed%29-blatX,KC861547.1,99.247,664,5,0,55,718,1,664,0.0,1199
Bor04_CDS_-_COX1_Bor04_length%3D27913_depth%3D1.00x-blatX,MF133371.1,100.000,664,0,0,55,718,1,664,0.0,1227
Bor04_CDS_-_COX1_Bor04_length%3D27913_depth%3D1.00x-blatX,GQ917247.1,100.000,664,0,0,55,718,1,664,0.0,1227
Bor04_CDS_-_COX1_Bor04_length%3D27913_depth%3D1.00x-blatX,KF808323.1,100.000,651,0,0,64,714,1,651,0.0,1203
Bor04_CDS_-_COX1_Bor04_length%3D27913_depth%3D1.00x-blatX,KT807905.1,99.849,664,1,0,55,718,1,664,0.0,1221
Bor04_CDS_-_COX1_Bor04_length%3D27913_depth%3D1.00x-blatX,KC861551.1,99.849,664,1,0,55,718,1,664,0.0,1221
Bor04_CDS_-_COX1_Bor04_length%3D27913_depth%3D1.00x-blatX,KC861547.1,99.247,664,5,0,55,718,1,664,0.0,1199
Bor05_CDS_-_COX1_Bor05_length%3D27912_depth%3D1.00x_%28reversed%29-blatX,MF133371.1,100.000,664,0,0,55,718,1,664,0.0,1227
Bor05_CDS_-_COX1_Bor05_length%3D27912_depth%3D1.00x_%28reversed%29-blatX,GQ917247.1,100.000,664,0,0,55,718,1,664,0.0,1227
Bor05_CDS_-_COX1_Bor05_length%3D27912_depth%3D1.00x_%28reversed%29-blatX,KF808323.1,100.000,651,0,0,64,714,1,651,0.0,1203
Bor05_CDS_-_COX1_Bor05_length%3D27912_depth%3D1.00x_%28reversed%29-blatX,KT807905.1,99.849,664,1,0,55,718,1,664,0.0,1221
Bor05_CDS_-_COX1_Bor05_length%3D27912_depth%3D1.00x_%28reversed%29-blatX,KC861551.1,99.849,664,1,0,55,718,1,664,0.0,1221
Bor05_CDS_-_COX1_Bor05_length%3D27912_depth%3D1.00x_%28reversed%29-blatX,KC861547.1,99.247,664,5,0,55,718,1,664,0.0,1199
Bor06_CDS_-_COX1_Bor06_NODE_1+_length_27845_cov_1_%28reversed%29-blatX,MF133371.1,100.000,664,0,0,55,718,1,664,0.0,1227
Bor06_CDS_-_COX1_Bor06_NODE_1+_length_27845_cov_1_%28reversed%29-blatX,GQ917247.1,100.000,664,0,0,55,718,1,664,0.0,1227
Bor06_CDS_-_COX1_Bor06_NODE_1+_length_27845_cov_1_%28reversed%29-blatX,KF808323.1,100.000,651,0,0,64,714,1,651,0.0,1203
Bor06_CDS_-_COX1_Bor06_NODE_1+_length_27845_cov_1_%28reversed%29-blatX,KT807905.1,99.849,664,1,0,55,718,1,664,0.0,1221
Bor06_CDS_-_COX1_Bor06_NODE_1+_length_27845_cov_1_%28reversed%29-blatX,KC861551.1,99.849,664,1,0,55,718,1,664,0.0,1221
Bor06_CDS_-_COX1_Bor06_NODE_1+_length_27845_cov_1_%28reversed%29-blatX,KC861547.1,99.247,664,5,0,55,718,1,664,0.0,1199
Bor07_CDS_-_COX1_Bor07_length%3D27913_depth%3D1.00x_%28reversed%29-blatX,MF133371.1,100.000,664,0,0,55,718,1,664,0.0,1227
Bor07_CDS_-_COX1_Bor07_length%3D27913_depth%3D1.00x_%28reversed%29-blatX,GQ917247.1,100.000,664,0,0,55,718,1,664,0.0,1227
Bor07_CDS_-_COX1_Bor07_length%3D27913_depth%3D1.00x_%28reversed%29-blatX,KF808323.1,100.000,651,0,0,64,714,1,651,0.0,1203
Bor07_CDS_-_COX1_Bor07_length%3D27913_depth%3D1.00x_%28reversed%29-blatX,KT807905.1,99.849,664,1,0,55,718,1,664,0.0,1221
Bor07_CDS_-_COX1_Bor07_length%3D27913_depth%3D1.00x_%28reversed%29-blatX,KC861551.1,99.849,664,1,0,55,718,1,664,0.0,1221
Bor07_CDS_-_COX1_Bor07_length%3D27913_depth%3D1.00x_%28reversed%29-blatX,KC861547.1,99.247,664,5,0,55,718,1,664,0.0,1199
Bor08_CDS_-_COX1_Bor08_length%3D27862_depth%3D1.00x_%28reversed%29-blatX,MF133371.1,100.000,664,0,0,55,718,1,664,0.0,1227
Bor08_CDS_-_COX1_Bor08_length%3D27862_depth%3D1.00x_%28reversed%29-blatX,GQ917247.1,100.000,664,0,0,55,718,1,664,0.0,1227
Bor08_CDS_-_COX1_Bor08_length%3D27862_depth%3D1.00x_%28reversed%29-blatX,KF808323.1,100.000,651,0,0,64,714,1,651,0.0,1203
Bor08_CDS_-_COX1_Bor08_length%3D27862_depth%3D1.00x_%28reversed%29-blatX,KT807905.1,99.849,664,1,0,55,718,1,664,0.0,1221
Bor08_CDS_-_COX1_Bor08_length%3D27862_depth%3D1.00x_%28reversed%29-blatX,KC861551.1,99.849,664,1,0,55,718,1,664,0.0,1221
Bor08_CDS_-_COX1_Bor08_length%3D27862_depth%3D1.00x_%28reversed%29-blatX,KC861547.1,99.247,664,5,0,55,718,1,664,0.0,1199
Bor10_CDS_-_COX1_Bor10_length%3D27913_depth%3D1.00x-blatX,MF133371.1,100.000,664,0,0,55,718,1,664,0.0,1227
Bor10_CDS_-_COX1_Bor10_length%3D27913_depth%3D1.00x-blatX,GQ917247.1,100.000,664,0,0,55,718,1,664,0.0,1227
Bor10_CDS_-_COX1_Bor10_length%3D27913_depth%3D1.00x-blatX,KF808323.1,100.000,651,0,0,64,714,1,651,0.0,1203
Bor10_CDS_-_COX1_Bor10_length%3D27913_depth%3D1.00x-blatX,KT807905.1,99.849,664,1,0,55,718,1,664,0.0,1221
Bor10_CDS_-_COX1_Bor10_length%3D27913_depth%3D1.00x-blatX,KC861551.1,99.849,664,1,0,55,718,1,664,0.0,1221
Bor10_CDS_-_COX1_Bor10_length%3D27913_depth%3D1.00x-blatX,KC861547.1,99.247,664,5,0,55,718,1,664,0.0,1199
Bor11_CDS_-_COX1_Bor11_NODE_1+_length_27415_cov_1-blatX,MF133371.1,100.000,664,0,0,55,718,1,664,0.0,1227
Bor11_CDS_-_COX1_Bor11_NODE_1+_length_27415_cov_1-blatX,GQ917247.1,100.000,664,0,0,55,718,1,664,0.0,1227
Bor11_CDS_-_COX1_Bor11_NODE_1+_length_27415_cov_1-blatX,KF808323.1,100.000,651,0,0,64,714,1,651,0.0,1203
Bor11_CDS_-_COX1_Bor11_NODE_1+_length_27415_cov_1-blatX,KT807905.1,99.849,664,1,0,55,718,1,664,0.0,1221
Bor11_CDS_-_COX1_Bor11_NODE_1+_length_27415_cov_1-blatX,KC861551.1,99.849,664,1,0,55,718,1,664,0.0,1221
Bor11_CDS_-_COX1_Bor11_NODE_1+_length_27415_cov_1-blatX,KC861547.1,99.247,664,5,0,55,718,1,664,0.0,1199
Bor12_CDS_-_COX1_Bor12_length%3D27912_depth%3D1.00x_%28reversed%29-blatX,MF133371.1,100.000,664,0,0,55,718,1,664,0.0,1227
Bor12_CDS_-_COX1_Bor12_length%3D27912_depth%3D1.00x_%28reversed%29-blatX,GQ917247.1,100.000,664,0,0,55,718,1,664,0.0,1227
Bor12_CDS_-_COX1_Bor12_length%3D27912_depth%3D1.00x_%28reversed%29-blatX,KF808323.1,100.000,651,0,0,64,714,1,651,0.0,1203
Bor12_CDS_-_COX1_Bor12_length%3D27912_depth%3D1.00x_%28reversed%29-blatX,KT807905.1,99.849,664,1,0,55,718,1,664,0.0,1221
Bor12_CDS_-_COX1_Bor12_length%3D27912_depth%3D1.00x_%28reversed%29-blatX,KC861551.1,99.849,664,1,0,55,718,1,664,0.0,1221
Bor12_CDS_-_COX1_Bor12_length%3D27912_depth%3D1.00x_%28reversed%29-blatX,KC861547.1,99.247,664,5,0,55,718,1,664,0.0,1199
Fal01_CDS_-_COX1_Fal01_length%3D27913_depth%3D1.00x_%28reversed%29-blatX,MF133371.1,100.000,664,0,0,55,718,1,664,0.0,1227
Fal01_CDS_-_COX1_Fal01_length%3D27913_depth%3D1.00x_%28reversed%29-blatX,GQ917247.1,100.000,664,0,0,55,718,1,664,0.0,1227
Fal01_CDS_-_COX1_Fal01_length%3D27913_depth%3D1.00x_%28reversed%29-blatX,KF808323.1,100.000,651,0,0,64,714,1,651,0.0,1203
Fal01_CDS_-_COX1_Fal01_length%3D27913_depth%3D1.00x_%28reversed%29-blatX,KT807905.1,99.849,664,1,0,55,718,1,664,0.0,1221
Fal01_CDS_-_COX1_Fal01_length%3D27913_depth%3D1.00x_%28reversed%29-blatX,KC861551.1,99.849,664,1,0,55,718,1,664,0.0,1221
Fal01_CDS_-_COX1_Fal01_length%3D27913_depth%3D1.00x_%28reversed%29-blatX,KC861547.1,99.247,664,5,0,55,718,1,664,0.0,1199
Fal02_CDS_-_COX1_Fal02_length%3D27862_depth%3D1.00x_%28reversed%29-blatX,MF133371.1,100.000,664,0,0,55,718,1,664,0.0,1227
Fal02_CDS_-_COX1_Fal02_length%3D27862_depth%3D1.00x_%28reversed%29-blatX,GQ917247.1,100.000,664,0,0,55,718,1,664,0.0,1227
Fal02_CDS_-_COX1_Fal02_length%3D27862_depth%3D1.00x_%28reversed%29-blatX,KF808323.1,100.000,651,0,0,64,714,1,651,0.0,1203
Fal02_CDS_-_COX1_Fal02_length%3D27862_depth%3D1.00x_%28reversed%29-blatX,KT807905.1,99.849,664,1,0,55,718,1,664,0.0,1221
Fal02_CDS_-_COX1_Fal02_length%3D27862_depth%3D1.00x_%28reversed%29-blatX,KC861551.1,99.849,664,1,0,55,718,1,664,0.0,1221
Fal02_CDS_-_COX1_Fal02_length%3D27862_depth%3D1.00x_%28reversed%29-blatX,KC861547.1,99.247,664,5,0,55,718,1,664,0.0,1199
Fal04_CDS_-_COX1_Fal04_length%3D27913_depth%3D1.00x-blatX,MF133371.1,100.000,664,0,0,55,718,1,664,0.0,1227
Fal04_CDS_-_COX1_Fal04_length%3D27913_depth%3D1.00x-blatX,GQ917247.1,100.000,664,0,0,55,718,1,664,0.0,1227
Fal04_CDS_-_COX1_Fal04_length%3D27913_depth%3D1.00x-blatX,KF808323.1,100.000,651,0,0,64,714,1,651,0.0,1203
Fal04_CDS_-_COX1_Fal04_length%3D27913_depth%3D1.00x-blatX,KT807905.1,99.849,664,1,0,55,718,1,664,0.0,1221
Fal04_CDS_-_COX1_Fal04_length%3D27913_depth%3D1.00x-blatX,KC861551.1,99.849,664,1,0,55,718,1,664,0.0,1221
Fal04_CDS_-_COX1_Fal04_length%3D27913_depth%3D1.00x-blatX,KC861547.1,99.247,664,5,0,55,718,1,664,0.0,1199
Fal05_CDS_-_COX1_Fal05_length%3D27913_depth%3D1.00x_%28reversed%29-blatX,MF133371.1,100.000,664,0,0,55,718,1,664,0.0,1227
Fal05_CDS_-_COX1_Fal05_length%3D27913_depth%3D1.00x_%28reversed%29-blatX,GQ917247.1,100.000,664,0,0,55,718,1,664,0.0,1227
Fal05_CDS_-_COX1_Fal05_length%3D27913_depth%3D1.00x_%28reversed%29-blatX,KF808323.1,100.000,651,0,0,64,714,1,651,0.0,1203
Fal05_CDS_-_COX1_Fal05_length%3D27913_depth%3D1.00x_%28reversed%29-blatX,KT807905.1,99.849,664,1,0,55,718,1,664,0.0,1221
Fal05_CDS_-_COX1_Fal05_length%3D27913_depth%3D1.00x_%28reversed%29-blatX,KC861551.1,99.849,664,1,0,55,718,1,664,0.0,1221
Fal05_CDS_-_COX1_Fal05_length%3D27913_depth%3D1.00x_%28reversed%29-blatX,KC861547.1,99.247,664,5,0,55,718,1,664,0.0,1199
Fal06_CDS_-_COX1_Fal06_length%3D27913_depth%3D1.00x-blatX,MF133371.1,100.000,664,0,0,55,718,1,664,0.0,1227
Fal06_CDS_-_COX1_Fal06_length%3D27913_depth%3D1.00x-blatX,GQ917247.1,100.000,664,0,0,55,718,1,664,0.0,1227
Fal06_CDS_-_COX1_Fal06_length%3D27913_depth%3D1.00x-blatX,KF808323.1,100.000,651,0,0,64,714,1,651,0.0,1203
Fal06_CDS_-_COX1_Fal06_length%3D27913_depth%3D1.00x-blatX,KT807905.1,99.849,664,1,0,55,718,1,664,0.0,1221
Fal06_CDS_-_COX1_Fal06_length%3D27913_depth%3D1.00x-blatX,KC861551.1,99.849,664,1,0,55,718,1,664,0.0,1221
Fal06_CDS_-_COX1_Fal06_length%3D27913_depth%3D1.00x-blatX,KC861547.1,99.247,664,5,0,55,718,1,664,0.0,1199
Fal07_CDS_-_COX1_Fal07_length%3D27913_depth%3D1.00x-blatX,MF133371.1,100.000,664,0,0,55,718,1,664,0.0,1227
Fal07_CDS_-_COX1_Fal07_length%3D27913_depth%3D1.00x-blatX,GQ917247.1,100.000,664,0,0,55,718,1,664,0.0,1227
Fal07_CDS_-_COX1_Fal07_length%3D27913_depth%3D1.00x-blatX,KF808323.1,100.000,651,0,0,64,714,1,651,0.0,1203
Fal07_CDS_-_COX1_Fal07_length%3D27913_depth%3D1.00x-blatX,KT807905.1,99.849,664,1,0,55,718,1,664,0.0,1221
Fal07_CDS_-_COX1_Fal07_length%3D27913_depth%3D1.00x-blatX,KC861551.1,99.849,664,1,0,55,718,1,664,0.0,1221
Fal07_CDS_-_COX1_Fal07_length%3D27913_depth%3D1.00x-blatX,KC861547.1,99.247,664,5,0,55,718,1,664,0.0,1199
Fal08_CDS_-_COX1_Fal08_length%3D27913_depth%3D1.00x-blatX,MF133371.1,100.000,664,0,0,55,718,1,664,0.0,1227
Fal08_CDS_-_COX1_Fal08_length%3D27913_depth%3D1.00x-blatX,GQ917247.1,100.000,664,0,0,55,718,1,664,0.0,1227
Fal08_CDS_-_COX1_Fal08_length%3D27913_depth%3D1.00x-blatX,KF808323.1,100.000,651,0,0,64,714,1,651,0.0,1203
Fal08_CDS_-_COX1_Fal08_length%3D27913_depth%3D1.00x-blatX,KT807905.1,99.849,664,1,0,55,718,1,664,0.0,1221
Fal08_CDS_-_COX1_Fal08_length%3D27913_depth%3D1.00x-blatX,KC861551.1,99.849,664,1,0,55,718,1,664,0.0,1221
Fal08_CDS_-_COX1_Fal08_length%3D27913_depth%3D1.00x-blatX,KC861547.1,99.247,664,5,0,55,718,1,664,0.0,1199
Fal09_CDS_-_COX1_Fal09_length%3D27913_depth%3D1.00x-blatX,MF133371.1,100.000,664,0,0,55,718,1,664,0.0,1227
Fal09_CDS_-_COX1_Fal09_length%3D27913_depth%3D1.00x-blatX,GQ917247.1,100.000,664,0,0,55,718,1,664,0.0,1227
Fal09_CDS_-_COX1_Fal09_length%3D27913_depth%3D1.00x-blatX,KF808323.1,100.000,651,0,0,64,714,1,651,0.0,1203
Fal09_CDS_-_COX1_Fal09_length%3D27913_depth%3D1.00x-blatX,KT807905.1,99.849,664,1,0,55,718,1,664,0.0,1221
Fal09_CDS_-_COX1_Fal09_length%3D27913_depth%3D1.00x-blatX,KC861551.1,99.849,664,1,0,55,718,1,664,0.0,1221
Fal09_CDS_-_COX1_Fal09_length%3D27913_depth%3D1.00x-blatX,KC861547.1,99.247,664,5,0,55,718,1,664,0.0,1199
Fal10_CDS_-_COX1_Fal10_length%3D27913_depth%3D1.00x-blatX,MF133371.1,100.000,664,0,0,55,718,1,664,0.0,1227
Fal10_CDS_-_COX1_Fal10_length%3D27913_depth%3D1.00x-blatX,GQ917247.1,100.000,664,0,0,55,718,1,664,0.0,1227
Fal10_CDS_-_COX1_Fal10_length%3D27913_depth%3D1.00x-blatX,KF808323.1,100.000,651,0,0,64,714,1,651,0.0,1203
Fal10_CDS_-_COX1_Fal10_length%3D27913_depth%3D1.00x-blatX,KT807905.1,99.849,664,1,0,55,718,1,664,0.0,1221
Fal10_CDS_-_COX1_Fal10_length%3D27913_depth%3D1.00x-blatX,KC861551.1,99.849,664,1,0,55,718,1,664,0.0,1221
Fal10_CDS_-_COX1_Fal10_length%3D27913_depth%3D1.00x-blatX,KC861547.1,99.247,664,5,0,55,718,1,664,0.0,1199
Man03_CDS_-_COX1_Man03_length%3D27913_depth%3D1.00x-blatX,MF133371.1,100.000,664,0,0,55,718,1,664,0.0,1227
Man03_CDS_-_COX1_Man03_length%3D27913_depth%3D1.00x-blatX,GQ917247.1,100.000,664,0,0,55,718,1,664,0.0,1227
Man03_CDS_-_COX1_Man03_length%3D27913_depth%3D1.00x-blatX,KF808323.1,100.000,651,0,0,64,714,1,651,0.0,1203
Man03_CDS_-_COX1_Man03_length%3D27913_depth%3D1.00x-blatX,KT807905.1,99.849,664,1,0,55,718,1,664,0.0,1221
Man03_CDS_-_COX1_Man03_length%3D27913_depth%3D1.00x-blatX,KC861551.1,99.849,664,1,0,55,718,1,664,0.0,1221
Man03_CDS_-_COX1_Man03_length%3D27913_depth%3D1.00x-blatX,KC861547.1,99.247,664,5,0,55,718,1,664,0.0,1199
Man04_CDS_-_COX1_Man04_length%3D27913_depth%3D1.00x_%28reversed%29-blatX,MF133371.1,100.000,664,0,0,55,718,1,664,0.0,1227
Man04_CDS_-_COX1_Man04_length%3D27913_depth%3D1.00x_%28reversed%29-blatX,GQ917247.1,100.000,664,0,0,55,718,1,664,0.0,1227
Man04_CDS_-_COX1_Man04_length%3D27913_depth%3D1.00x_%28reversed%29-blatX,KF808323.1,100.000,651,0,0,64,714,1,651,0.0,1203
Man04_CDS_-_COX1_Man04_length%3D27913_depth%3D1.00x_%28reversed%29-blatX,KT807905.1,99.849,664,1,0,55,718,1,664,0.0,1221
Man04_CDS_-_COX1_Man04_length%3D27913_depth%3D1.00x_%28reversed%29-blatX,KC861551.1,99.849,664,1,0,55,718,1,664,0.0,1221
Man04_CDS_-_COX1_Man04_length%3D27913_depth%3D1.00x_%28reversed%29-blatX,KC861547.1,99.247,664,5,0,55,718,1,664,0.0,1199
Man21_CDS_-_COX1_Man21_length%3D27862_depth%3D1.00x_%28reversed%29-blatX,MF133371.1,100.000,664,0,0,55,718,1,664,0.0,1227
Man21_CDS_-_COX1_Man21_length%3D27862_depth%3D1.00x_%28reversed%29-blatX,GQ917247.1,100.000,664,0,0,55,718,1,664,0.0,1227
Man21_CDS_-_COX1_Man21_length%3D27862_depth%3D1.00x_%28reversed%29-blatX,KF808323.1,100.000,651,0,0,64,714,1,651,0.0,1203
Man21_CDS_-_COX1_Man21_length%3D27862_depth%3D1.00x_%28reversed%29-blatX,KT807905.1,99.849,664,1,0,55,718,1,664,0.0,1221
Man21_CDS_-_COX1_Man21_length%3D27862_depth%3D1.00x_%28reversed%29-blatX,KC861551.1,99.849,664,1,0,55,718,1,664,0.0,1221
Man21_CDS_-_COX1_Man21_length%3D27862_depth%3D1.00x_%28reversed%29-blatX,KC861547.1,99.247,664,5,0,55,718,1,664,0.0,1199
Man24_CDS_-_COX1_Man24_length%3D27914_depth%3D1.00x_%28reversed%29-blatX,MF133371.1,100.000,664,0,0,55,718,1,664,0.0,1227
Man24_CDS_-_COX1_Man24_length%3D27914_depth%3D1.00x_%28reversed%29-blatX,GQ917247.1,100.000,664,0,0,55,718,1,664,0.0,1227
Man24_CDS_-_COX1_Man24_length%3D27914_depth%3D1.00x_%28reversed%29-blatX,KF808323.1,100.000,651,0,0,64,714,1,651,0.0,1203
Man24_CDS_-_COX1_Man24_length%3D27914_depth%3D1.00x_%28reversed%29-blatX,KT807905.1,99.849,664,1,0,55,718,1,664,0.0,1221
Man24_CDS_-_COX1_Man24_length%3D27914_depth%3D1.00x_%28reversed%29-blatX,KC861551.1,99.849,664,1,0,55,718,1,664,0.0,1221
Man24_CDS_-_COX1_Man24_length%3D27914_depth%3D1.00x_%28reversed%29-blatX,KC861547.1,99.247,664,5,0,55,718,1,664,0.0,1199
Man28_CDS_-_COX1_Man28_length%3D27921_depth%3D1.00x_%28reversed%29-blatX,MF133371.1,100.000,664,0,0,55,718,1,664,0.0,1227
Man28_CDS_-_COX1_Man28_length%3D27921_depth%3D1.00x_%28reversed%29-blatX,GQ917247.1,100.000,664,0,0,55,718,1,664,0.0,1227
Man28_CDS_-_COX1_Man28_length%3D27921_depth%3D1.00x_%28reversed%29-blatX,KF808323.1,100.000,651,0,0,64,714,1,651,0.0,1203
Man28_CDS_-_COX1_Man28_length%3D27921_depth%3D1.00x_%28reversed%29-blatX,KT807905.1,99.849,664,1,0,55,718,1,664,0.0,1221
Man28_CDS_-_COX1_Man28_length%3D27921_depth%3D1.00x_%28reversed%29-blatX,KC861551.1,99.849,664,1,0,55,718,1,664,0.0,1221
Man28_CDS_-_COX1_Man28_length%3D27921_depth%3D1.00x_%28reversed%29-blatX,KC861547.1,99.247,664,5,0,55,718,1,664,0.0,1199
Man44_CDS_-_COX1_Man44_length%3D27913_depth%3D1.00x-blatX,MF133371.1,100.000,664,0,0,55,718,1,664,0.0,1227
Man44_CDS_-_COX1_Man44_length%3D27913_depth%3D1.00x-blatX,GQ917247.1,100.000,664,0,0,55,718,1,664,0.0,1227
Man44_CDS_-_COX1_Man44_length%3D27913_depth%3D1.00x-blatX,KF808323.1,100.000,651,0,0,64,714,1,651,0.0,1203
Man44_CDS_-_COX1_Man44_length%3D27913_depth%3D1.00x-blatX,KT807905.1,99.849,664,1,0,55,718,1,664,0.0,1221
Man44_CDS_-_COX1_Man44_length%3D27913_depth%3D1.00x-blatX,KC861551.1,99.849,664,1,0,55,718,1,664,0.0,1221
Man44_CDS_-_COX1_Man44_length%3D27913_depth%3D1.00x-blatX,KC861547.1,99.247,664,5,0,55,718,1,664,0.0,1199
Mil01_CDS_-_COX1_Mil01_length%3D27912_depth%3D1.00x_%28reversed%29-blatX,MF133371.1,100.000,664,0,0,55,718,1,664,0.0,1227
Mil01_CDS_-_COX1_Mil01_length%3D27912_depth%3D1.00x_%28reversed%29-blatX,GQ917247.1,100.000,664,0,0,55,718,1,664,0.0,1227
Mil01_CDS_-_COX1_Mil01_length%3D27912_depth%3D1.00x_%28reversed%29-blatX,KF808323.1,100.000,651,0,0,64,714,1,651,0.0,1203
Mil01_CDS_-_COX1_Mil01_length%3D27912_depth%3D1.00x_%28reversed%29-blatX,KT807905.1,99.849,664,1,0,55,718,1,664,0.0,1221
Mil01_CDS_-_COX1_Mil01_length%3D27912_depth%3D1.00x_%28reversed%29-blatX,KC861551.1,99.849,664,1,0,55,718,1,664,0.0,1221
Mil01_CDS_-_COX1_Mil01_length%3D27912_depth%3D1.00x_%28reversed%29-blatX,KC861547.1,99.247,664,5,0,55,718,1,664,0.0,1199
Mor01_CDS_-_COX1_Mor01_length%3D27913_depth%3D1.00x-blatX,MF133371.1,100.000,664,0,0,55,718,1,664,0.0,1227
Mor01_CDS_-_COX1_Mor01_length%3D27913_depth%3D1.00x-blatX,GQ917247.1,100.000,664,0,0,55,718,1,664,0.0,1227
Mor01_CDS_-_COX1_Mor01_length%3D27913_depth%3D1.00x-blatX,KF808323.1,100.000,651,0,0,64,714,1,651,0.0,1203
Mor01_CDS_-_COX1_Mor01_length%3D27913_depth%3D1.00x-blatX,KT807905.1,99.849,664,1,0,55,718,1,664,0.0,1221
Mor01_CDS_-_COX1_Mor01_length%3D27913_depth%3D1.00x-blatX,KC861551.1,99.849,664,1,0,55,718,1,664,0.0,1221
Mor01_CDS_-_COX1_Mor01_length%3D27913_depth%3D1.00x-blatX,KC861547.1,99.247,664,5,0,55,718,1,664,0.0,1199
Mor02_CDS_-_COX1_Mor02_length%3D27862_depth%3D1.00x-blatX,MF133371.1,100.000,664,0,0,55,718,1,664,0.0,1227
Mor02_CDS_-_COX1_Mor02_length%3D27862_depth%3D1.00x-blatX,GQ917247.1,100.000,664,0,0,55,718,1,664,0.0,1227
Mor02_CDS_-_COX1_Mor02_length%3D27862_depth%3D1.00x-blatX,KF808323.1,100.000,651,0,0,64,714,1,651,0.0,1203
Mor02_CDS_-_COX1_Mor02_length%3D27862_depth%3D1.00x-blatX,KT807905.1,99.849,664,1,0,55,718,1,664,0.0,1221
Mor02_CDS_-_COX1_Mor02_length%3D27862_depth%3D1.00x-blatX,KC861551.1,99.849,664,1,0,55,718,1,664,0.0,1221
Mor02_CDS_-_COX1_Mor02_length%3D27862_depth%3D1.00x-blatX,KC861547.1,99.247,664,5,0,55,718,1,664,0.0,1199
Mor04_CDS_-_COX1_Mor04_length%3D27862_depth%3D1.00x_%28reversed%29-blatX,MF133371.1,100.000,664,0,0,55,718,1,664,0.0,1227
Mor04_CDS_-_COX1_Mor04_length%3D27862_depth%3D1.00x_%28reversed%29-blatX,GQ917247.1,100.000,664,0,0,55,718,1,664,0.0,1227
Mor04_CDS_-_COX1_Mor04_length%3D27862_depth%3D1.00x_%28reversed%29-blatX,KF808323.1,100.000,651,0,0,64,714,1,651,0.0,1203
Mor04_CDS_-_COX1_Mor04_length%3D27862_depth%3D1.00x_%28reversed%29-blatX,KT807905.1,99.849,664,1,0,55,718,1,664,0.0,1221
Mor04_CDS_-_COX1_Mor04_length%3D27862_depth%3D1.00x_%28reversed%29-blatX,KC861551.1,99.849,664,1,0,55,718,1,664,0.0,1221
Mor04_CDS_-_COX1_Mor04_length%3D27862_depth%3D1.00x_%28reversed%29-blatX,KC861547.1,99.247,664,5,0,55,718,1,664,0.0,1199
Mor05_CDS_-_COX1_Mor05_length%3D27913_depth%3D1.00x_%28reversed%29-blatX,MF133371.1,100.000,664,0,0,55,718,1,664,0.0,1227
Mor05_CDS_-_COX1_Mor05_length%3D27913_depth%3D1.00x_%28reversed%29-blatX,GQ917247.1,100.000,664,0,0,55,718,1,664,0.0,1227
Mor05_CDS_-_COX1_Mor05_length%3D27913_depth%3D1.00x_%28reversed%29-blatX,KF808323.1,100.000,651,0,0,64,714,1,651,0.0,1203
Mor05_CDS_-_COX1_Mor05_length%3D27913_depth%3D1.00x_%28reversed%29-blatX,KT807905.1,99.849,664,1,0,55,718,1,664,0.0,1221
Mor05_CDS_-_COX1_Mor05_length%3D27913_depth%3D1.00x_%28reversed%29-blatX,KC861551.1,99.849,664,1,0,55,718,1,664,0.0,1221
Mor05_CDS_-_COX1_Mor05_length%3D27913_depth%3D1.00x_%28reversed%29-blatX,KC861547.1,99.247,664,5,0,55,718,1,664,0.0,1199
Mor06_CDS_-_COX1_Mor06_length%3D27862_depth%3D1.00x_%28reversed%29-blatX,MF133371.1,100.000,664,0,0,55,718,1,664,0.0,1227
Mor06_CDS_-_COX1_Mor06_length%3D27862_depth%3D1.00x_%28reversed%29-blatX,GQ917247.1,100.000,664,0,0,55,718,1,664,0.0,1227
Mor06_CDS_-_COX1_Mor06_length%3D27862_depth%3D1.00x_%28reversed%29-blatX,KF808323.1,100.000,651,0,0,64,714,1,651,0.0,1203
Mor06_CDS_-_COX1_Mor06_length%3D27862_depth%3D1.00x_%28reversed%29-blatX,KT807905.1,99.849,664,1,0,55,718,1,664,0.0,1221
Mor06_CDS_-_COX1_Mor06_length%3D27862_depth%3D1.00x_%28reversed%29-blatX,KC861551.1,99.849,664,1,0,55,718,1,664,0.0,1221
Mor06_CDS_-_COX1_Mor06_length%3D27862_depth%3D1.00x_%28reversed%29-blatX,KC861547.1,99.247,664,5,0,55,718,1,664,0.0,1199
Mor07_CDS_-_COX1_Mor07_length%3D27913_depth%3D1.00x_%28reversed%29-blatX,MF133371.1,100.000,664,0,0,55,718,1,664,0.0,1227
Mor07_CDS_-_COX1_Mor07_length%3D27913_depth%3D1.00x_%28reversed%29-blatX,GQ917247.1,100.000,664,0,0,55,718,1,664,0.0,1227
Mor07_CDS_-_COX1_Mor07_length%3D27913_depth%3D1.00x_%28reversed%29-blatX,KF808323.1,100.000,651,0,0,64,714,1,651,0.0,1203
Mor07_CDS_-_COX1_Mor07_length%3D27913_depth%3D1.00x_%28reversed%29-blatX,KT807905.1,99.849,664,1,0,55,718,1,664,0.0,1221
Mor07_CDS_-_COX1_Mor07_length%3D27913_depth%3D1.00x_%28reversed%29-blatX,KC861551.1,99.849,664,1,0,55,718,1,664,0.0,1221
Mor07_CDS_-_COX1_Mor07_length%3D27913_depth%3D1.00x_%28reversed%29-blatX,KC861547.1,99.247,664,5,0,55,718,1,664,0.0,1199
Mor08_CDS_-_COX1_Mor08_NODE_1+_length_27901_cov_1_%28reversed%29-blatX,MF133371.1,100.000,664,0,0,55,718,1,664,0.0,1227
Mor08_CDS_-_COX1_Mor08_NODE_1+_length_27901_cov_1_%28reversed%29-blatX,GQ917247.1,100.000,664,0,0,55,718,1,664,0.0,1227
Mor08_CDS_-_COX1_Mor08_NODE_1+_length_27901_cov_1_%28reversed%29-blatX,KF808323.1,100.000,651,0,0,64,714,1,651,0.0,1203
Mor08_CDS_-_COX1_Mor08_NODE_1+_length_27901_cov_1_%28reversed%29-blatX,KT807905.1,99.849,664,1,0,55,718,1,664,0.0,1221
Mor08_CDS_-_COX1_Mor08_NODE_1+_length_27901_cov_1_%28reversed%29-blatX,KC861551.1,99.849,664,1,0,55,718,1,664,0.0,1221
Mor08_CDS_-_COX1_Mor08_NODE_1+_length_27901_cov_1_%28reversed%29-blatX,KC861547.1,99.247,664,5,0,55,718,1,664,0.0,1199
Mor09_CDS_-_COX1_Mor09_length%3D27913_depth%3D1.00x_%28reversed%29-blatX,MF133371.1,100.000,664,0,0,55,718,1,664,0.0,1227
Mor09_CDS_-_COX1_Mor09_length%3D27913_depth%3D1.00x_%28reversed%29-blatX,GQ917247.1,100.000,664,0,0,55,718,1,664,0.0,1227
Mor09_CDS_-_COX1_Mor09_length%3D27913_depth%3D1.00x_%28reversed%29-blatX,KF808323.1,100.000,651,0,0,64,714,1,651,0.0,1203
Mor09_CDS_-_COX1_Mor09_length%3D27913_depth%3D1.00x_%28reversed%29-blatX,KT807905.1,99.849,664,1,0,55,718,1,664,0.0,1221
Mor09_CDS_-_COX1_Mor09_length%3D27913_depth%3D1.00x_%28reversed%29-blatX,KC861551.1,99.849,664,1,0,55,718,1,664,0.0,1221
Mor09_CDS_-_COX1_Mor09_length%3D27913_depth%3D1.00x_%28reversed%29-blatX,KC861547.1,99.247,664,5,0,55,718,1,664,0.0,1199
Mor11_CDS_-_COX1_Mor11_length%3D27913_depth%3D1.00x_%28reversed%29-blatX,MF133371.1,100.000,664,0,0,55,718,1,664,0.0,1227
Mor11_CDS_-_COX1_Mor11_length%3D27913_depth%3D1.00x_%28reversed%29-blatX,GQ917247.1,100.000,664,0,0,55,718,1,664,0.0,1227
Mor11_CDS_-_COX1_Mor11_length%3D27913_depth%3D1.00x_%28reversed%29-blatX,KF808323.1,100.000,651,0,0,64,714,1,651,0.0,1203
Mor11_CDS_-_COX1_Mor11_length%3D27913_depth%3D1.00x_%28reversed%29-blatX,KT807905.1,99.849,664,1,0,55,718,1,664,0.0,1221
Mor11_CDS_-_COX1_Mor11_length%3D27913_depth%3D1.00x_%28reversed%29-blatX,KC861551.1,99.849,664,1,0,55,718,1,664,0.0,1221
Mor11_CDS_-_COX1_Mor11_length%3D27913_depth%3D1.00x_%28reversed%29-blatX,KC861547.1,99.247,664,5,0,55,718,1,664,0.0,1199
Mor12_CDS_-_COX1_Mor12_length%3D27913_depth%3D1.00x_%28reversed%29-blatX,MF133371.1,100.000,664,0,0,55,718,1,664,0.0,1227
Mor12_CDS_-_COX1_Mor12_length%3D27913_depth%3D1.00x_%28reversed%29-blatX,GQ917247.1,100.000,664,0,0,55,718,1,664,0.0,1227
Mor12_CDS_-_COX1_Mor12_length%3D27913_depth%3D1.00x_%28reversed%29-blatX,KF808323.1,100.000,651,0,0,64,714,1,651,0.0,1203
Mor12_CDS_-_COX1_Mor12_length%3D27913_depth%3D1.00x_%28reversed%29-blatX,KT807905.1,99.849,664,1,0,55,718,1,664,0.0,1221
Mor12_CDS_-_COX1_Mor12_length%3D27913_depth%3D1.00x_%28reversed%29-blatX,KC861551.1,99.849,664,1,0,55,718,1,664,0.0,1221
Mor12_CDS_-_COX1_Mor12_length%3D27913_depth%3D1.00x_%28reversed%29-blatX,KC861547.1,99.247,664,5,0,55,718,1,664,0.0,1199
Nor01_CDS_-_COX1_Nor01_length%3D27862_depth%3D1.00x_%28reversed%29-blatX,MF133371.1,100.000,664,0,0,55,718,1,664,0.0,1227
Nor01_CDS_-_COX1_Nor01_length%3D27862_depth%3D1.00x_%28reversed%29-blatX,GQ917247.1,100.000,664,0,0,55,718,1,664,0.0,1227
Nor01_CDS_-_COX1_Nor01_length%3D27862_depth%3D1.00x_%28reversed%29-blatX,KF808323.1,100.000,651,0,0,64,714,1,651,0.0,1203
Nor01_CDS_-_COX1_Nor01_length%3D27862_depth%3D1.00x_%28reversed%29-blatX,KT807905.1,99.849,664,1,0,55,718,1,664,0.0,1221
Nor01_CDS_-_COX1_Nor01_length%3D27862_depth%3D1.00x_%28reversed%29-blatX,KC861551.1,99.849,664,1,0,55,718,1,664,0.0,1221
Nor01_CDS_-_COX1_Nor01_length%3D27862_depth%3D1.00x_%28reversed%29-blatX,KC861547.1,99.247,664,5,0,55,718,1,664,0.0,1199
Ons02_CDS_-_COX1_Ons02_length%3D27913_depth%3D1.00x_%28reversed%29-blatX,MF133371.1,100.000,664,0,0,55,718,1,664,0.0,1227
Ons02_CDS_-_COX1_Ons02_length%3D27913_depth%3D1.00x_%28reversed%29-blatX,GQ917247.1,100.000,664,0,0,55,718,1,664,0.0,1227
Ons02_CDS_-_COX1_Ons02_length%3D27913_depth%3D1.00x_%28reversed%29-blatX,KF808323.1,100.000,651,0,0,64,714,1,651,0.0,1203
Ons02_CDS_-_COX1_Ons02_length%3D27913_depth%3D1.00x_%28reversed%29-blatX,KT807905.1,99.849,664,1,0,55,718,1,664,0.0,1221
Ons02_CDS_-_COX1_Ons02_length%3D27913_depth%3D1.00x_%28reversed%29-blatX,KC861551.1,99.849,664,1,0,55,718,1,664,0.0,1221
Ons02_CDS_-_COX1_Ons02_length%3D27913_depth%3D1.00x_%28reversed%29-blatX,KC861547.1,99.247,664,5,0,55,718,1,664,0.0,1199
Ons03_CDS_-_COX1_Ons03_length%3D27894_depth%3D1.00x_%28reversed%29-blatX,MF133371.1,100.000,664,0,0,55,718,1,664,0.0,1227
Ons03_CDS_-_COX1_Ons03_length%3D27894_depth%3D1.00x_%28reversed%29-blatX,GQ917247.1,100.000,664,0,0,55,718,1,664,0.0,1227
Ons03_CDS_-_COX1_Ons03_length%3D27894_depth%3D1.00x_%28reversed%29-blatX,KF808323.1,100.000,651,0,0,64,714,1,651,0.0,1203
Ons03_CDS_-_COX1_Ons03_length%3D27894_depth%3D1.00x_%28reversed%29-blatX,KT807905.1,99.849,664,1,0,55,718,1,664,0.0,1221
Ons03_CDS_-_COX1_Ons03_length%3D27894_depth%3D1.00x_%28reversed%29-blatX,KC861551.1,99.849,664,1,0,55,718,1,664,0.0,1221
Ons03_CDS_-_COX1_Ons03_length%3D27894_depth%3D1.00x_%28reversed%29-blatX,KC861547.1,99.247,664,5,0,55,718,1,664,0.0,1199
Ons05_CDS_-_COX1_Ons05_NODE_1+_length_27826_cov_1-blatX,MF133371.1,100.000,664,0,0,55,718,1,664,0.0,1227
Ons05_CDS_-_COX1_Ons05_NODE_1+_length_27826_cov_1-blatX,GQ917247.1,100.000,664,0,0,55,718,1,664,0.0,1227
Ons05_CDS_-_COX1_Ons05_NODE_1+_length_27826_cov_1-blatX,KF808323.1,100.000,651,0,0,64,714,1,651,0.0,1203
Ons05_CDS_-_COX1_Ons05_NODE_1+_length_27826_cov_1-blatX,KT807905.1,99.849,664,1,0,55,718,1,664,0.0,1221
Ons05_CDS_-_COX1_Ons05_NODE_1+_length_27826_cov_1-blatX,KC861551.1,99.849,664,1,0,55,718,1,664,0.0,1221
Ons05_CDS_-_COX1_Ons05_NODE_1+_length_27826_cov_1-blatX,KC861547.1,99.247,664,5,0,55,718,1,664,0.0,1199
Ons06_CDS_-_COX1_Ons06_length%3D27913_depth%3D1.00x-blatX,MF133371.1,100.000,664,0,0,55,718,1,664,0.0,1227
Ons06_CDS_-_COX1_Ons06_length%3D27913_depth%3D1.00x-blatX,GQ917247.1,100.000,664,0,0,55,718,1,664,0.0,1227
Ons06_CDS_-_COX1_Ons06_length%3D27913_depth%3D1.00x-blatX,KF808323.1,100.000,651,0,0,64,714,1,651,0.0,1203
Ons06_CDS_-_COX1_Ons06_length%3D27913_depth%3D1.00x-blatX,KT807905.1,99.849,664,1,0,55,718,1,664,0.0,1221
Ons06_CDS_-_COX1_Ons06_length%3D27913_depth%3D1.00x-blatX,KC861551.1,99.849,664,1,0,55,718,1,664,0.0,1221
Ons06_CDS_-_COX1_Ons06_length%3D27913_depth%3D1.00x-blatX,KC861547.1,99.247,664,5,0,55,718,1,664,0.0,1199
Ons07_CDS_-_COX1_Ons07_length%3D27913_depth%3D1.00x-blatX,MF133371.1,100.000,664,0,0,55,718,1,664,0.0,1227
Ons07_CDS_-_COX1_Ons07_length%3D27913_depth%3D1.00x-blatX,GQ917247.1,100.000,664,0,0,55,718,1,664,0.0,1227
Ons07_CDS_-_COX1_Ons07_length%3D27913_depth%3D1.00x-blatX,KF808323.1,100.000,651,0,0,64,714,1,651,0.0,1203
Ons07_CDS_-_COX1_Ons07_length%3D27913_depth%3D1.00x-blatX,KT807905.1,99.849,664,1,0,55,718,1,664,0.0,1221
Ons07_CDS_-_COX1_Ons07_length%3D27913_depth%3D1.00x-blatX,KC861551.1,99.849,664,1,0,55,718,1,664,0.0,1221
Ons07_CDS_-_COX1_Ons07_length%3D27913_depth%3D1.00x-blatX,KC861547.1,99.247,664,5,0,55,718,1,664,0.0,1199
Ons08_CDS_-_COX1_Ons08_length%3D27964_depth%3D1.00x_%28reversed%29-blatX,MF133371.1,100.000,664,0,0,55,718,1,664,0.0,1227
Ons08_CDS_-_COX1_Ons08_length%3D27964_depth%3D1.00x_%28reversed%29-blatX,GQ917247.1,100.000,664,0,0,55,718,1,664,0.0,1227
Ons08_CDS_-_COX1_Ons08_length%3D27964_depth%3D1.00x_%28reversed%29-blatX,KF808323.1,100.000,651,0,0,64,714,1,651,0.0,1203
Ons08_CDS_-_COX1_Ons08_length%3D27964_depth%3D1.00x_%28reversed%29-blatX,KT807905.1,99.849,664,1,0,55,718,1,664,0.0,1221
Ons08_CDS_-_COX1_Ons08_length%3D27964_depth%3D1.00x_%28reversed%29-blatX,KC861551.1,99.849,664,1,0,55,718,1,664,0.0,1221
Ons08_CDS_-_COX1_Ons08_length%3D27964_depth%3D1.00x_%28reversed%29-blatX,KC861547.1,99.247,664,5,0,55,718,1,664,0.0,1199
Ons09_CDS_-_COX1_Ons09_length%3D27913_depth%3D1.00x-blatX,MF133371.1,100.000,664,0,0,55,718,1,664,0.0,1227
Ons09_CDS_-_COX1_Ons09_length%3D27913_depth%3D1.00x-blatX,GQ917247.1,100.000,664,0,0,55,718,1,664,0.0,1227
Ons09_CDS_-_COX1_Ons09_length%3D27913_depth%3D1.00x-blatX,KF808323.1,100.000,651,0,0,64,714,1,651,0.0,1203
Ons09_CDS_-_COX1_Ons09_length%3D27913_depth%3D1.00x-blatX,KT807905.1,99.849,664,1,0,55,718,1,664,0.0,1221
Ons09_CDS_-_COX1_Ons09_length%3D27913_depth%3D1.00x-blatX,KC861551.1,99.849,664,1,0,55,718,1,664,0.0,1221
Ons09_CDS_-_COX1_Ons09_length%3D27913_depth%3D1.00x-blatX,KC861547.1,99.247,664,5,0,55,718,1,664,0.0,1199
Ons11_CDS_-_COX1_Ons11_length%3D27913_depth%3D1.00x_%28reversed%29-blatX,MF133371.1,100.000,664,0,0,55,718,1,664,0.0,1227
Ons11_CDS_-_COX1_Ons11_length%3D27913_depth%3D1.00x_%28reversed%29-blatX,GQ917247.1,100.000,664,0,0,55,718,1,664,0.0,1227
Ons11_CDS_-_COX1_Ons11_length%3D27913_depth%3D1.00x_%28reversed%29-blatX,KF808323.1,100.000,651,0,0,64,714,1,651,0.0,1203
Ons11_CDS_-_COX1_Ons11_length%3D27913_depth%3D1.00x_%28reversed%29-blatX,KT807905.1,99.849,664,1,0,55,718,1,664,0.0,1221
Ons11_CDS_-_COX1_Ons11_length%3D27913_depth%3D1.00x_%28reversed%29-blatX,KC861551.1,99.849,664,1,0,55,718,1,664,0.0,1221
Ons11_CDS_-_COX1_Ons11_length%3D27913_depth%3D1.00x_%28reversed%29-blatX,KC861547.1,99.247,664,5,0,55,718,1,664,0.0,1199
Ons12_CDS_-_COX1_Ons12_length%3D27894_depth%3D1.00x-blatX,MF133371.1,100.000,664,0,0,55,718,1,664,0.0,1227
Ons12_CDS_-_COX1_Ons12_length%3D27894_depth%3D1.00x-blatX,GQ917247.1,100.000,664,0,0,55,718,1,664,0.0,1227
Ons12_CDS_-_COX1_Ons12_length%3D27894_depth%3D1.00x-blatX,KF808323.1,100.000,651,0,0,64,714,1,651,0.0,1203
Ons12_CDS_-_COX1_Ons12_length%3D27894_depth%3D1.00x-blatX,KT807905.1,99.849,664,1,0,55,718,1,664,0.0,1221
Ons12_CDS_-_COX1_Ons12_length%3D27894_depth%3D1.00x-blatX,KC861551.1,99.849,664,1,0,55,718,1,664,0.0,1221
Ons12_CDS_-_COX1_Ons12_length%3D27894_depth%3D1.00x-blatX,KC861547.1,99.247,664,5,0,55,718,1,664,0.0,1199
Roc01_CDS_-_COX1_Roc01_length%3D27799_depth%3D1.00x-blatX,MF133371.1,100.000,664,0,0,55,718,1,664,0.0,1227
Roc01_CDS_-_COX1_Roc01_length%3D27799_depth%3D1.00x-blatX,GQ917247.1,100.000,664,0,0,55,718,1,664,0.0,1227
Roc01_CDS_-_COX1_Roc01_length%3D27799_depth%3D1.00x-blatX,KF808323.1,100.000,651,0,0,64,714,1,651,0.0,1203
Roc01_CDS_-_COX1_Roc01_length%3D27799_depth%3D1.00x-blatX,KT807905.1,99.849,664,1,0,55,718,1,664,0.0,1221
Roc01_CDS_-_COX1_Roc01_length%3D27799_depth%3D1.00x-blatX,KC861551.1,99.849,664,1,0,55,718,1,664,0.0,1221
Roc01_CDS_-_COX1_Roc01_length%3D27799_depth%3D1.00x-blatX,KC861547.1,99.247,664,5,0,55,718,1,664,0.0,1199
Roc02_CDS_-_COX1_Roc02_length%3D27913_depth%3D1.00x-blatX,MF133371.1,100.000,664,0,0,55,718,1,664,0.0,1227
Roc02_CDS_-_COX1_Roc02_length%3D27913_depth%3D1.00x-blatX,GQ917247.1,100.000,664,0,0,55,718,1,664,0.0,1227
Roc02_CDS_-_COX1_Roc02_length%3D27913_depth%3D1.00x-blatX,KF808323.1,100.000,651,0,0,64,714,1,651,0.0,1203
Roc02_CDS_-_COX1_Roc02_length%3D27913_depth%3D1.00x-blatX,KT807905.1,99.849,664,1,0,55,718,1,664,0.0,1221
Roc02_CDS_-_COX1_Roc02_length%3D27913_depth%3D1.00x-blatX,KC861551.1,99.849,664,1,0,55,718,1,664,0.0,1221
Roc02_CDS_-_COX1_Roc02_length%3D27913_depth%3D1.00x-blatX,KC861547.1,99.247,664,5,0,55,718,1,664,0.0,1199
Tre01_CDS_-_COX1_Tre01_length%3D27914_depth%3D1.00x_%28reversed%29-blatX,MF133371.1,100.000,664,0,0,55,718,1,664,0.0,1227
Tre01_CDS_-_COX1_Tre01_length%3D27914_depth%3D1.00x_%28reversed%29-blatX,GQ917247.1,100.000,664,0,0,55,718,1,664,0.0,1227
Tre01_CDS_-_COX1_Tre01_length%3D27914_depth%3D1.00x_%28reversed%29-blatX,KF808323.1,100.000,651,0,0,64,714,1,651,0.0,1203
Tre01_CDS_-_COX1_Tre01_length%3D27914_depth%3D1.00x_%28reversed%29-blatX,KT807905.1,99.849,664,1,0,55,718,1,664,0.0,1221
Tre01_CDS_-_COX1_Tre01_length%3D27914_depth%3D1.00x_%28reversed%29-blatX,KC861551.1,99.849,664,1,0,55,718,1,664,0.0,1221
Tre01_CDS_-_COX1_Tre01_length%3D27914_depth%3D1.00x_%28reversed%29-blatX,KC861547.1,99.247,664,5,0,55,718,1,664,0.0,1199
Tre02_CDS_-_COX1_Tre02_length%3D27913_depth%3D1.00x_%28reversed%29-blatX,MF133371.1,100.000,664,0,0,55,718,1,664,0.0,1227
Tre02_CDS_-_COX1_Tre02_length%3D27913_depth%3D1.00x_%28reversed%29-blatX,GQ917247.1,100.000,664,0,0,55,718,1,664,0.0,1227
Tre02_CDS_-_COX1_Tre02_length%3D27913_depth%3D1.00x_%28reversed%29-blatX,KF808323.1,100.000,651,0,0,64,714,1,651,0.0,1203
Tre02_CDS_-_COX1_Tre02_length%3D27913_depth%3D1.00x_%28reversed%29-blatX,KT807905.1,99.849,664,1,0,55,718,1,664,0.0,1221
Tre02_CDS_-_COX1_Tre02_length%3D27913_depth%3D1.00x_%28reversed%29-blatX,KC861551.1,99.849,664,1,0,55,718,1,664,0.0,1221
Tre02_CDS_-_COX1_Tre02_length%3D27913_depth%3D1.00x_%28reversed%29-blatX,KC861547.1,99.247,664,5,0,55,718,1,664,0.0,1199
Tre03_CDS_-_COX1_Tre03_length%3D27862_depth%3D1.00x_%28reversed%29-blatX,MF133371.1,100.000,664,0,0,55,718,1,664,0.0,1227
Tre03_CDS_-_COX1_Tre03_length%3D27862_depth%3D1.00x_%28reversed%29-blatX,GQ917247.1,100.000,664,0,0,55,718,1,664,0.0,1227
Tre03_CDS_-_COX1_Tre03_length%3D27862_depth%3D1.00x_%28reversed%29-blatX,KF808323.1,100.000,651,0,0,64,714,1,651,0.0,1203
Tre03_CDS_-_COX1_Tre03_length%3D27862_depth%3D1.00x_%28reversed%29-blatX,KT807905.1,99.849,664,1,0,55,718,1,664,0.0,1221
Tre03_CDS_-_COX1_Tre03_length%3D27862_depth%3D1.00x_%28reversed%29-blatX,KC861551.1,99.849,664,1,0,55,718,1,664,0.0,1221
Tre03_CDS_-_COX1_Tre03_length%3D27862_depth%3D1.00x_%28reversed%29-blatX,KC861547.1,99.247,664,5,0,55,718,1,664,0.0,1199
Tre04_CDS_-_COX1_Tre04_length%3D28066_depth%3D1.00x_circular%3Dtrue-blatX,MF133371.1,100.000,664,0,0,55,718,1,664,0.0,1227
Tre04_CDS_-_COX1_Tre04_length%3D28066_depth%3D1.00x_circular%3Dtrue-blatX,GQ917247.1,100.000,664,0,0,55,718,1,664,0.0,1227
Tre04_CDS_-_COX1_Tre04_length%3D28066_depth%3D1.00x_circular%3Dtrue-blatX,KF808323.1,100.000,651,0,0,64,714,1,651,0.0,1203
Tre04_CDS_-_COX1_Tre04_length%3D28066_depth%3D1.00x_circular%3Dtrue-blatX,KT807905.1,99.849,664,1,0,55,718,1,664,0.0,1221
Tre04_CDS_-_COX1_Tre04_length%3D28066_depth%3D1.00x_circular%3Dtrue-blatX,KC861551.1,99.849,664,1,0,55,718,1,664,0.0,1221
Tre04_CDS_-_COX1_Tre04_length%3D28066_depth%3D1.00x_circular%3Dtrue-blatX,KC861547.1,99.247,664,5,0,55,718,1,664,0.0,1199
Tre05_CDS_-_COX1_Tre05_length%3D27913_depth%3D1.00x_%28reversed%29-blatX,MF133371.1,100.000,664,0,0,55,718,1,664,0.0,1227
Tre05_CDS_-_COX1_Tre05_length%3D27913_depth%3D1.00x_%28reversed%29-blatX,GQ917247.1,100.000,664,0,0,55,718,1,664,0.0,1227
Tre05_CDS_-_COX1_Tre05_length%3D27913_depth%3D1.00x_%28reversed%29-blatX,KF808323.1,100.000,651,0,0,64,714,1,651,0.0,1203
Tre05_CDS_-_COX1_Tre05_length%3D27913_depth%3D1.00x_%28reversed%29-blatX,KT807905.1,99.849,664,1,0,55,718,1,664,0.0,1221
Tre05_CDS_-_COX1_Tre05_length%3D27913_depth%3D1.00x_%28reversed%29-blatX,KC861551.1,99.849,664,1,0,55,718,1,664,0.0,1221
Tre05_CDS_-_COX1_Tre05_length%3D27913_depth%3D1.00x_%28reversed%29-blatX,KC861547.1,99.247,664,5,0,55,718,1,664,0.0,1199
Tre07_CDS_-_COX1_Tre07_length%3D27913_depth%3D1.00x-blatX,MF133371.1,100.000,664,0,0,55,718,1,664,0.0,1227
Tre07_CDS_-_COX1_Tre07_length%3D27913_depth%3D1.00x-blatX,GQ917247.1,100.000,664,0,0,55,718,1,664,0.0,1227
Tre07_CDS_-_COX1_Tre07_length%3D27913_depth%3D1.00x-blatX,KF808323.1,100.000,651,0,0,64,714,1,651,0.0,1203
Tre07_CDS_-_COX1_Tre07_length%3D27913_depth%3D1.00x-blatX,KT807905.1,99.849,664,1,0,55,718,1,664,0.0,1221
Tre07_CDS_-_COX1_Tre07_length%3D27913_depth%3D1.00x-blatX,KC861551.1,99.849,664,1,0,55,718,1,664,0.0,1221
Tre07_CDS_-_COX1_Tre07_length%3D27913_depth%3D1.00x-blatX,KC861547.1,99.247,664,5,0,55,718,1,664,0.0,1199
Tre08_CDS_-_COX1_Tre08_length%3D27913_depth%3D1.00x-blatX,MF133371.1,100.000,664,0,0,55,718,1,664,0.0,1227
Tre08_CDS_-_COX1_Tre08_length%3D27913_depth%3D1.00x-blatX,GQ917247.1,100.000,664,0,0,55,718,1,664,0.0,1227
Tre08_CDS_-_COX1_Tre08_length%3D27913_depth%3D1.00x-blatX,KF808323.1,100.000,651,0,0,64,714,1,651,0.0,1203
Tre08_CDS_-_COX1_Tre08_length%3D27913_depth%3D1.00x-blatX,KT807905.1,99.849,664,1,0,55,718,1,664,0.0,1221
Tre08_CDS_-_COX1_Tre08_length%3D27913_depth%3D1.00x-blatX,KC861551.1,99.849,664,1,0,55,718,1,664,0.0,1221
Tre08_CDS_-_COX1_Tre08_length%3D27913_depth%3D1.00x-blatX,KC861547.1,99.247,664,5,0,55,718,1,664,0.0,1199
Tre09_CDS_-_COX1_Tre09_length%3D27913_depth%3D1.00x_%28reversed%29-blatX,MF133371.1,100.000,664,0,0,55,718,1,664,0.0,1227
Tre09_CDS_-_COX1_Tre09_length%3D27913_depth%3D1.00x_%28reversed%29-blatX,GQ917247.1,100.000,664,0,0,55,718,1,664,0.0,1227
Tre09_CDS_-_COX1_Tre09_length%3D27913_depth%3D1.00x_%28reversed%29-blatX,KF808323.1,100.000,651,0,0,64,714,1,651,0.0,1203
Tre09_CDS_-_COX1_Tre09_length%3D27913_depth%3D1.00x_%28reversed%29-blatX,KT807905.1,99.849,664,1,0,55,718,1,664,0.0,1221
Tre09_CDS_-_COX1_Tre09_length%3D27913_depth%3D1.00x_%28reversed%29-blatX,KC861551.1,99.849,664,1,0,55,718,1,664,0.0,1221
Tre09_CDS_-_COX1_Tre09_length%3D27913_depth%3D1.00x_%28reversed%29-blatX,KC861547.1,99.247,664,5,0,55,718,1,664,0.0,1199
Tre10_CDS_-_COX1_Tre10_length%3D27913_depth%3D1.00x_%28reversed%29-blatX,MF133371.1,100.000,664,0,0,55,718,1,664,0.0,1227
Tre10_CDS_-_COX1_Tre10_length%3D27913_depth%3D1.00x_%28reversed%29-blatX,GQ917247.1,100.000,664,0,0,55,718,1,664,0.0,1227
Tre10_CDS_-_COX1_Tre10_length%3D27913_depth%3D1.00x_%28reversed%29-blatX,KF808323.1,100.000,651,0,0,64,714,1,651,0.0,1203
Tre10_CDS_-_COX1_Tre10_length%3D27913_depth%3D1.00x_%28reversed%29-blatX,KT807905.1,99.849,664,1,0,55,718,1,664,0.0,1221
Tre10_CDS_-_COX1_Tre10_length%3D27913_depth%3D1.00x_%28reversed%29-blatX,KC861551.1,99.849,664,1,0,55,718,1,664,0.0,1221
Tre10_CDS_-_COX1_Tre10_length%3D27913_depth%3D1.00x_%28reversed%29-blatX,KC861547.1,99.247,664,5,0,55,718,1,664,0.0,1199
Zar01_CDS_-_COX1_Zar01_length%3D27914_depth%3D1.00x-blatX,MF133371.1,100.000,664,0,0,55,718,1,664,0.0,1227
Zar01_CDS_-_COX1_Zar01_length%3D27914_depth%3D1.00x-blatX,GQ917247.1,100.000,664,0,0,55,718,1,664,0.0,1227
Zar01_CDS_-_COX1_Zar01_length%3D27914_depth%3D1.00x-blatX,KF808323.1,100.000,651,0,0,64,714,1,651,0.0,1203
Zar01_CDS_-_COX1_Zar01_length%3D27914_depth%3D1.00x-blatX,KT807905.1,99.849,664,1,0,55,718,1,664,0.0,1221
Zar01_CDS_-_COX1_Zar01_length%3D27914_depth%3D1.00x-blatX,KC861551.1,99.849,664,1,0,55,718,1,664,0.0,1221
Zar01_CDS_-_COX1_Zar01_length%3D27914_depth%3D1.00x-blatX,KC861547.1,99.247,664,5,0,55,718,1,664,0.0,1199
Zar02_CDS_-_COX1_Zar02_length%3D27914_depth%3D1.00x_%28reversed%29-blatX,MF133371.1,100.000,664,0,0,55,718,1,664,0.0,1227
Zar02_CDS_-_COX1_Zar02_length%3D27914_depth%3D1.00x_%28reversed%29-blatX,GQ917247.1,100.000,664,0,0,55,718,1,664,0.0,1227
Zar02_CDS_-_COX1_Zar02_length%3D27914_depth%3D1.00x_%28reversed%29-blatX,KF808323.1,100.000,651,0,0,64,714,1,651,0.0,1203
Zar02_CDS_-_COX1_Zar02_length%3D27914_depth%3D1.00x_%28reversed%29-blatX,KT807905.1,99.849,664,1,0,55,718,1,664,0.0,1221
Zar02_CDS_-_COX1_Zar02_length%3D27914_depth%3D1.00x_%28reversed%29-blatX,KC861551.1,99.849,664,1,0,55,718,1,664,0.0,1221
Zar02_CDS_-_COX1_Zar02_length%3D27914_depth%3D1.00x_%28reversed%29-blatX,KC861547.1,99.247,664,5,0,55,718,1,664,0.0,1199
Zar03_CDS_-_COX1_Zar03_length%3D27914_depth%3D1.00x_%28reversed%29-blatX,MF133371.1,100.000,664,0,0,55,718,1,664,0.0,1227
Zar03_CDS_-_COX1_Zar03_length%3D27914_depth%3D1.00x_%28reversed%29-blatX,GQ917247.1,100.000,664,0,0,55,718,1,664,0.0,1227
Zar03_CDS_-_COX1_Zar03_length%3D27914_depth%3D1.00x_%28reversed%29-blatX,KF808323.1,100.000,651,0,0,64,714,1,651,0.0,1203
Zar03_CDS_-_COX1_Zar03_length%3D27914_depth%3D1.00x_%28reversed%29-blatX,KT807905.1,99.849,664,1,0,55,718,1,664,0.0,1221
Zar03_CDS_-_COX1_Zar03_length%3D27914_depth%3D1.00x_%28reversed%29-blatX,KC861551.1,99.849,664,1,0,55,718,1,664,0.0,1221
Zar03_CDS_-_COX1_Zar03_length%3D27914_depth%3D1.00x_%28reversed%29-blatX,KC861547.1,99.247,664,5,0,55,718,1,664,0.0,1199
Zar04_CDS_-_COX1_Zar04_length%3D27863_depth%3D1.00x-blatX,MF133371.1,100.000,664,0,0,55,718,1,664,0.0,1227
Zar04_CDS_-_COX1_Zar04_length%3D27863_depth%3D1.00x-blatX,GQ917247.1,100.000,664,0,0,55,718,1,664,0.0,1227
Zar04_CDS_-_COX1_Zar04_length%3D27863_depth%3D1.00x-blatX,KF808323.1,100.000,651,0,0,64,714,1,651,0.0,1203
Zar04_CDS_-_COX1_Zar04_length%3D27863_depth%3D1.00x-blatX,KT807905.1,99.849,664,1,0,55,718,1,664,0.0,1221
Zar04_CDS_-_COX1_Zar04_length%3D27863_depth%3D1.00x-blatX,KC861551.1,99.849,664,1,0,55,718,1,664,0.0,1221
Zar04_CDS_-_COX1_Zar04_length%3D27863_depth%3D1.00x-blatX,KC861547.1,99.247,664,5,0,55,718,1,664,0.0,1199
Zar05_CDS_-_COX1_Zar05_length%3D27914_depth%3D1.00x_%28reversed%29-blatX,MF133371.1,100.000,664,0,0,55,718,1,664,0.0,1227
Zar05_CDS_-_COX1_Zar05_length%3D27914_depth%3D1.00x_%28reversed%29-blatX,GQ917247.1,100.000,664,0,0,55,718,1,664,0.0,1227
Zar05_CDS_-_COX1_Zar05_length%3D27914_depth%3D1.00x_%28reversed%29-blatX,KF808323.1,100.000,651,0,0,64,714,1,651,0.0,1203
Zar05_CDS_-_COX1_Zar05_length%3D27914_depth%3D1.00x_%28reversed%29-blatX,KT807905.1,99.849,664,1,0,55,718,1,664,0.0,1221
Zar05_CDS_-_COX1_Zar05_length%3D27914_depth%3D1.00x_%28reversed%29-blatX,KC861551.1,99.849,664,1,0,55,718,1,664,0.0,1221
Zar05_CDS_-_COX1_Zar05_length%3D27914_depth%3D1.00x_%28reversed%29-blatX,KC861547.1,99.247,664,5,0,55,718,1,664,0.0,1199
Zar06_CDS_-_COX1_Zar06_length%3D27914_depth%3D1.00x-blatX,MF133371.1,100.000,664,0,0,55,718,1,664,0.0,1227
Zar06_CDS_-_COX1_Zar06_length%3D27914_depth%3D1.00x-blatX,GQ917247.1,100.000,664,0,0,55,718,1,664,0.0,1227
Zar06_CDS_-_COX1_Zar06_length%3D27914_depth%3D1.00x-blatX,KF808323.1,100.000,651,0,0,64,714,1,651,0.0,1203
Zar06_CDS_-_COX1_Zar06_length%3D27914_depth%3D1.00x-blatX,KT807905.1,99.849,664,1,0,55,718,1,664,0.0,1221
Zar06_CDS_-_COX1_Zar06_length%3D27914_depth%3D1.00x-blatX,KC861551.1,99.849,664,1,0,55,718,1,664,0.0,1221
Zar06_CDS_-_COX1_Zar06_length%3D27914_depth%3D1.00x-blatX,KC861547.1,99.247,664,5,0,55,718,1,664,0.0,1199
Zar07_CDS_-_COX1_Zar07_length%3D27914_depth%3D1.00x_%28reversed%29-blatX,MF133371.1,100.000,664,0,0,55,718,1,664,0.0,1227
Zar07_CDS_-_COX1_Zar07_length%3D27914_depth%3D1.00x_%28reversed%29-blatX,GQ917247.1,100.000,664,0,0,55,718,1,664,0.0,1227
Zar07_CDS_-_COX1_Zar07_length%3D27914_depth%3D1.00x_%28reversed%29-blatX,KF808323.1,100.000,651,0,0,64,714,1,651,0.0,1203
Zar07_CDS_-_COX1_Zar07_length%3D27914_depth%3D1.00x_%28reversed%29-blatX,KT807905.1,99.849,664,1,0,55,718,1,664,0.0,1221
Zar07_CDS_-_COX1_Zar07_length%3D27914_depth%3D1.00x_%28reversed%29-blatX,KC861551.1,99.849,664,1,0,55,718,1,664,0.0,1221
Zar07_CDS_-_COX1_Zar07_length%3D27914_depth%3D1.00x_%28reversed%29-blatX,KC861547.1,99.247,664,5,0,55,718,1,664,0.0,1199
Zar10_CDS_-_COX1_Zar10_length%3D27914_depth%3D1.00x_%28reversed%29-blatX,MF133371.1,100.000,664,0,0,55,718,1,664,0.0,1227
Zar10_CDS_-_COX1_Zar10_length%3D27914_depth%3D1.00x_%28reversed%29-blatX,GQ917247.1,100.000,664,0,0,55,718,1,664,0.0,1227
Zar10_CDS_-_COX1_Zar10_length%3D27914_depth%3D1.00x_%28reversed%29-blatX,KF808323.1,100.000,651,0,0,64,714,1,651,0.0,1203
Zar10_CDS_-_COX1_Zar10_length%3D27914_depth%3D1.00x_%28reversed%29-blatX,KT807905.1,99.849,664,1,0,55,718,1,664,0.0,1221
Zar10_CDS_-_COX1_Zar10_length%3D27914_depth%3D1.00x_%28reversed%29-blatX,KC861551.1,99.849,664,1,0,55,718,1,664,0.0,1221
Zar10_CDS_-_COX1_Zar10_length%3D27914_depth%3D1.00x_%28reversed%29-blatX,KC861547.1,99.247,664,5,0,55,718,1,664,0.0,1199
Zar11_CDS_-_COX1_Zar11_length%3D27863_depth%3D1.00x-blatX,MF133371.1,100.000,664,0,0,55,718,1,664,0.0,1227
Zar11_CDS_-_COX1_Zar11_length%3D27863_depth%3D1.00x-blatX,GQ917247.1,100.000,664,0,0,55,718,1,664,0.0,1227
Zar11_CDS_-_COX1_Zar11_length%3D27863_depth%3D1.00x-blatX,KF808323.1,100.000,651,0,0,64,714,1,651,0.0,1203
Zar11_CDS_-_COX1_Zar11_length%3D27863_depth%3D1.00x-blatX,KT807905.1,99.849,664,1,0,55,718,1,664,0.0,1221
Zar11_CDS_-_COX1_Zar11_length%3D27863_depth%3D1.00x-blatX,KC861551.1,99.849,664,1,0,55,718,1,664,0.0,1221
Zar11_CDS_-_COX1_Zar11_length%3D27863_depth%3D1.00x-blatX,KC861547.1,99.247,664,5,0,55,718,1,664,0.0,1199
Zar12_CDS_-_COX1_Zar12_length%3D27914_depth%3D1.00x-blatX,MF133371.1,100.000,664,0,0,55,718,1,664,0.0,1227
Zar12_CDS_-_COX1_Zar12_length%3D27914_depth%3D1.00x-blatX,GQ917247.1,100.000,664,0,0,55,718,1,664,0.0,1227
Zar12_CDS_-_COX1_Zar12_length%3D27914_depth%3D1.00x-blatX,KF808323.1,100.000,651,0,0,64,714,1,651,0.0,1203
Zar12_CDS_-_COX1_Zar12_length%3D27914_depth%3D1.00x-blatX,KT807905.1,99.849,664,1,0,55,718,1,664,0.0,1221
Zar12_CDS_-_COX1_Zar12_length%3D27914_depth%3D1.00x-blatX,KC861551.1,99.849,664,1,0,55,718,1,664,0.0,1221
Zar12_CDS_-_COX1_Zar12_length%3D27914_depth%3D1.00x-blatX,KC861547.1,99.247,664,5,0,55,718,1,664,0.0,1199


