Arm01_CDS_-_psbA_Arm01_length%3D186244_depth%3D1.00x_circular%3Dtrue-blatX,JQ896231.1,100,895,0,0,49,943,1,895,0,1653
Arm01_CDS_-_psbA_Arm01_length%3D186244_depth%3D1.00x_circular%3Dtrue-blatX,KC819243.1,100,892,0,0,61,952,1,892,0,1648
Arm01_CDS_-_psbA_Arm01_length%3D186244_depth%3D1.00x_circular%3Dtrue-blatX,KC819266.1,100,889,0,0,64,952,1,889,0,1642
Arm01_CDS_-_psbA_Arm01_length%3D186244_depth%3D1.00x_circular%3Dtrue-blatX,GQ917708.1,100,888,0,0,28,915,1,888,0,1640
Arm01_CDS_-_psbA_Arm01_length%3D186244_depth%3D1.00x_circular%3Dtrue-blatX,KX828393.1,100,876,0,0,65,940,876,1,0,1618
Arm01_CDS_-_psbA_Arm01_length%3D186244_depth%3D1.00x_circular%3Dtrue-blatX,KC819255.1,98.767,892,11,0,61,952,1,892,0,1587
Arm01_CDS_-_psbA_Arm01_length%3D186244_depth%3D1.00x_circular%3Dtrue-blatX,KC819250.1,98.655,892,12,0,61,952,1,892,0,1581
Arm01_CDS_-_psbA_Arm01_length%3D186244_depth%3D1.00x_circular%3Dtrue-blatX,KT807944.1,100,851,0,0,78,928,1,851,0,1572
Arm01_CDS_-_psbA_Arm01_length%3D186244_depth%3D1.00x_circular%3Dtrue-blatX,MG191375.1,96.612,915,31,0,59,973,1,915,0,1519
Arm02_CDS_-_psbA_Arm02_Node1_length%3D186244_depth%3D1.00x_circular%3Dtrue-blatX,JQ896231.1,100,895,0,0,49,943,1,895,0,1653
Arm02_CDS_-_psbA_Arm02_Node1_length%3D186244_depth%3D1.00x_circular%3Dtrue-blatX,KC819243.1,100,892,0,0,61,952,1,892,0,1648
Arm02_CDS_-_psbA_Arm02_Node1_length%3D186244_depth%3D1.00x_circular%3Dtrue-blatX,KC819266.1,100,889,0,0,64,952,1,889,0,1642
Arm02_CDS_-_psbA_Arm02_Node1_length%3D186244_depth%3D1.00x_circular%3Dtrue-blatX,GQ917708.1,100,888,0,0,28,915,1,888,0,1640
Arm02_CDS_-_psbA_Arm02_Node1_length%3D186244_depth%3D1.00x_circular%3Dtrue-blatX,KX828393.1,100,876,0,0,65,940,876,1,0,1618
Arm02_CDS_-_psbA_Arm02_Node1_length%3D186244_depth%3D1.00x_circular%3Dtrue-blatX,KC819255.1,98.767,892,11,0,61,952,1,892,0,1587
Arm02_CDS_-_psbA_Arm02_Node1_length%3D186244_depth%3D1.00x_circular%3Dtrue-blatX,KC819250.1,98.655,892,12,0,61,952,1,892,0,1581
Arm02_CDS_-_psbA_Arm02_Node1_length%3D186244_depth%3D1.00x_circular%3Dtrue-blatX,KT807944.1,100,851,0,0,78,928,1,851,0,1572
Arm02_CDS_-_psbA_Arm02_Node1_length%3D186244_depth%3D1.00x_circular%3Dtrue-blatX,MG191375.1,96.612,915,31,0,59,973,1,915,0,1519
Bor01_CDS_-_psbA_Bor01_length%3D186244_depth%3D1.00x_circular%3Dtrue-blatX,JQ896231.1,100,895,0,0,49,943,1,895,0,1653
Bor01_CDS_-_psbA_Bor01_length%3D186244_depth%3D1.00x_circular%3Dtrue-blatX,KC819243.1,100,892,0,0,61,952,1,892,0,1648
Bor01_CDS_-_psbA_Bor01_length%3D186244_depth%3D1.00x_circular%3Dtrue-blatX,KC819266.1,100,889,0,0,64,952,1,889,0,1642
Bor01_CDS_-_psbA_Bor01_length%3D186244_depth%3D1.00x_circular%3Dtrue-blatX,GQ917708.1,100,888,0,0,28,915,1,888,0,1640
Bor01_CDS_-_psbA_Bor01_length%3D186244_depth%3D1.00x_circular%3Dtrue-blatX,KX828393.1,100,876,0,0,65,940,876,1,0,1618
Bor01_CDS_-_psbA_Bor01_length%3D186244_depth%3D1.00x_circular%3Dtrue-blatX,KC819255.1,98.767,892,11,0,61,952,1,892,0,1587
Bor01_CDS_-_psbA_Bor01_length%3D186244_depth%3D1.00x_circular%3Dtrue-blatX,KC819250.1,98.655,892,12,0,61,952,1,892,0,1581
Bor01_CDS_-_psbA_Bor01_length%3D186244_depth%3D1.00x_circular%3Dtrue-blatX,KT807944.1,100,851,0,0,78,928,1,851,0,1572
Bor01_CDS_-_psbA_Bor01_length%3D186244_depth%3D1.00x_circular%3Dtrue-blatX,MG191375.1,96.612,915,31,0,59,973,1,915,0,1519
Bor02_CDS_-_psbA_Bor02_length%3D186244_depth%3D1.00x_circular%3Dtrue-blatX,JQ896231.1,100,895,0,0,49,943,1,895,0,1653
Bor02_CDS_-_psbA_Bor02_length%3D186244_depth%3D1.00x_circular%3Dtrue-blatX,KC819243.1,100,892,0,0,61,952,1,892,0,1648
Bor02_CDS_-_psbA_Bor02_length%3D186244_depth%3D1.00x_circular%3Dtrue-blatX,KC819266.1,100,889,0,0,64,952,1,889,0,1642
Bor02_CDS_-_psbA_Bor02_length%3D186244_depth%3D1.00x_circular%3Dtrue-blatX,GQ917708.1,100,888,0,0,28,915,1,888,0,1640
Bor02_CDS_-_psbA_Bor02_length%3D186244_depth%3D1.00x_circular%3Dtrue-blatX,KX828393.1,100,876,0,0,65,940,876,1,0,1618
Bor02_CDS_-_psbA_Bor02_length%3D186244_depth%3D1.00x_circular%3Dtrue-blatX,KC819255.1,98.767,892,11,0,61,952,1,892,0,1587
Bor02_CDS_-_psbA_Bor02_length%3D186244_depth%3D1.00x_circular%3Dtrue-blatX,KC819250.1,98.655,892,12,0,61,952,1,892,0,1581
Bor02_CDS_-_psbA_Bor02_length%3D186244_depth%3D1.00x_circular%3Dtrue-blatX,KT807944.1,100,851,0,0,78,928,1,851,0,1572
Bor02_CDS_-_psbA_Bor02_length%3D186244_depth%3D1.00x_circular%3Dtrue-blatX,MG191375.1,96.612,915,31,0,59,973,1,915,0,1519
Bor03_CDS_-_psbA_Bor03_length%3D186244_depth%3D1.00x_circular%3Dtrue-blatX,JQ896231.1,100,895,0,0,49,943,1,895,0,1653
Bor03_CDS_-_psbA_Bor03_length%3D186244_depth%3D1.00x_circular%3Dtrue-blatX,KC819243.1,100,892,0,0,61,952,1,892,0,1648
Bor03_CDS_-_psbA_Bor03_length%3D186244_depth%3D1.00x_circular%3Dtrue-blatX,KC819266.1,100,889,0,0,64,952,1,889,0,1642
Bor03_CDS_-_psbA_Bor03_length%3D186244_depth%3D1.00x_circular%3Dtrue-blatX,GQ917708.1,100,888,0,0,28,915,1,888,0,1640
Bor03_CDS_-_psbA_Bor03_length%3D186244_depth%3D1.00x_circular%3Dtrue-blatX,KX828393.1,100,876,0,0,65,940,876,1,0,1618
Bor03_CDS_-_psbA_Bor03_length%3D186244_depth%3D1.00x_circular%3Dtrue-blatX,KC819255.1,98.767,892,11,0,61,952,1,892,0,1587
Bor03_CDS_-_psbA_Bor03_length%3D186244_depth%3D1.00x_circular%3Dtrue-blatX,KC819250.1,98.655,892,12,0,61,952,1,892,0,1581
Bor03_CDS_-_psbA_Bor03_length%3D186244_depth%3D1.00x_circular%3Dtrue-blatX,KT807944.1,100,851,0,0,78,928,1,851,0,1572
Bor03_CDS_-_psbA_Bor03_length%3D186244_depth%3D1.00x_circular%3Dtrue-blatX,MG191375.1,96.612,915,31,0,59,973,1,915,0,1519
Bor04_CDS_-_psbA_Bor04_length%3D186244_depth%3D1.00x_circular%3Dtrue-blatX,JQ896231.1,100,895,0,0,49,943,1,895,0,1653
Bor04_CDS_-_psbA_Bor04_length%3D186244_depth%3D1.00x_circular%3Dtrue-blatX,KC819243.1,100,892,0,0,61,952,1,892,0,1648
Bor04_CDS_-_psbA_Bor04_length%3D186244_depth%3D1.00x_circular%3Dtrue-blatX,KC819266.1,100,889,0,0,64,952,1,889,0,1642
Bor04_CDS_-_psbA_Bor04_length%3D186244_depth%3D1.00x_circular%3Dtrue-blatX,GQ917708.1,100,888,0,0,28,915,1,888,0,1640
Bor04_CDS_-_psbA_Bor04_length%3D186244_depth%3D1.00x_circular%3Dtrue-blatX,KX828393.1,100,876,0,0,65,940,876,1,0,1618
Bor04_CDS_-_psbA_Bor04_length%3D186244_depth%3D1.00x_circular%3Dtrue-blatX,KC819255.1,98.767,892,11,0,61,952,1,892,0,1587
Bor04_CDS_-_psbA_Bor04_length%3D186244_depth%3D1.00x_circular%3Dtrue-blatX,KC819250.1,98.655,892,12,0,61,952,1,892,0,1581
Bor04_CDS_-_psbA_Bor04_length%3D186244_depth%3D1.00x_circular%3Dtrue-blatX,KT807944.1,100,851,0,0,78,928,1,851,0,1572
Bor04_CDS_-_psbA_Bor04_length%3D186244_depth%3D1.00x_circular%3Dtrue-blatX,MG191375.1,96.612,915,31,0,59,973,1,915,0,1519
Bor05_CDS_-_psbA_Bor05_length%3D186244_depth%3D1.00x_circular%3Dtrue-blatX,JQ896231.1,100,895,0,0,49,943,1,895,0,1653
Bor05_CDS_-_psbA_Bor05_length%3D186244_depth%3D1.00x_circular%3Dtrue-blatX,KC819243.1,100,892,0,0,61,952,1,892,0,1648
Bor05_CDS_-_psbA_Bor05_length%3D186244_depth%3D1.00x_circular%3Dtrue-blatX,KC819266.1,100,889,0,0,64,952,1,889,0,1642
Bor05_CDS_-_psbA_Bor05_length%3D186244_depth%3D1.00x_circular%3Dtrue-blatX,GQ917708.1,100,888,0,0,28,915,1,888,0,1640
Bor05_CDS_-_psbA_Bor05_length%3D186244_depth%3D1.00x_circular%3Dtrue-blatX,KX828393.1,100,876,0,0,65,940,876,1,0,1618
Bor05_CDS_-_psbA_Bor05_length%3D186244_depth%3D1.00x_circular%3Dtrue-blatX,KC819255.1,98.767,892,11,0,61,952,1,892,0,1587
Bor05_CDS_-_psbA_Bor05_length%3D186244_depth%3D1.00x_circular%3Dtrue-blatX,KC819250.1,98.655,892,12,0,61,952,1,892,0,1581
Bor05_CDS_-_psbA_Bor05_length%3D186244_depth%3D1.00x_circular%3Dtrue-blatX,KT807944.1,100,851,0,0,78,928,1,851,0,1572
Bor05_CDS_-_psbA_Bor05_length%3D186244_depth%3D1.00x_circular%3Dtrue-blatX,MG191375.1,96.612,915,31,0,59,973,1,915,0,1519
Bor06_CDS_-_psbA_Bor06_length%3D186244_depth%3D1.00x_circular%3Dtrue-blatX,JQ896231.1,100,895,0,0,49,943,1,895,0,1653
Bor06_CDS_-_psbA_Bor06_length%3D186244_depth%3D1.00x_circular%3Dtrue-blatX,KC819243.1,100,892,0,0,61,952,1,892,0,1648
Bor06_CDS_-_psbA_Bor06_length%3D186244_depth%3D1.00x_circular%3Dtrue-blatX,KC819266.1,100,889,0,0,64,952,1,889,0,1642
Bor06_CDS_-_psbA_Bor06_length%3D186244_depth%3D1.00x_circular%3Dtrue-blatX,GQ917708.1,100,888,0,0,28,915,1,888,0,1640
Bor06_CDS_-_psbA_Bor06_length%3D186244_depth%3D1.00x_circular%3Dtrue-blatX,KX828393.1,100,876,0,0,65,940,876,1,0,1618
Bor06_CDS_-_psbA_Bor06_length%3D186244_depth%3D1.00x_circular%3Dtrue-blatX,KC819255.1,98.767,892,11,0,61,952,1,892,0,1587
Bor06_CDS_-_psbA_Bor06_length%3D186244_depth%3D1.00x_circular%3Dtrue-blatX,KC819250.1,98.655,892,12,0,61,952,1,892,0,1581
Bor06_CDS_-_psbA_Bor06_length%3D186244_depth%3D1.00x_circular%3Dtrue-blatX,KT807944.1,100,851,0,0,78,928,1,851,0,1572
Bor06_CDS_-_psbA_Bor06_length%3D186244_depth%3D1.00x_circular%3Dtrue-blatX,MG191375.1,96.612,915,31,0,59,973,1,915,0,1519
Bor07_CDS_-_psbA_Bor07_length%3D186244_depth%3D1.00x_circular%3Dtrue-blatX,JQ896231.1,100,895,0,0,49,943,1,895,0,1653
Bor07_CDS_-_psbA_Bor07_length%3D186244_depth%3D1.00x_circular%3Dtrue-blatX,KC819243.1,100,892,0,0,61,952,1,892,0,1648
Bor07_CDS_-_psbA_Bor07_length%3D186244_depth%3D1.00x_circular%3Dtrue-blatX,KC819266.1,100,889,0,0,64,952,1,889,0,1642
Bor07_CDS_-_psbA_Bor07_length%3D186244_depth%3D1.00x_circular%3Dtrue-blatX,GQ917708.1,100,888,0,0,28,915,1,888,0,1640
Bor07_CDS_-_psbA_Bor07_length%3D186244_depth%3D1.00x_circular%3Dtrue-blatX,KX828393.1,100,876,0,0,65,940,876,1,0,1618
Bor07_CDS_-_psbA_Bor07_length%3D186244_depth%3D1.00x_circular%3Dtrue-blatX,KC819255.1,98.767,892,11,0,61,952,1,892,0,1587
Bor07_CDS_-_psbA_Bor07_length%3D186244_depth%3D1.00x_circular%3Dtrue-blatX,KC819250.1,98.655,892,12,0,61,952,1,892,0,1581
Bor07_CDS_-_psbA_Bor07_length%3D186244_depth%3D1.00x_circular%3Dtrue-blatX,KT807944.1,100,851,0,0,78,928,1,851,0,1572
Bor07_CDS_-_psbA_Bor07_length%3D186244_depth%3D1.00x_circular%3Dtrue-blatX,MG191375.1,96.612,915,31,0,59,973,1,915,0,1519
Bor08_CDS_-_psbA_Bor08_length%3D186244_depth%3D1.00x_circular%3Dtrue-blatX,JQ896231.1,100,895,0,0,49,943,1,895,0,1653
Bor08_CDS_-_psbA_Bor08_length%3D186244_depth%3D1.00x_circular%3Dtrue-blatX,KC819243.1,100,892,0,0,61,952,1,892,0,1648
Bor08_CDS_-_psbA_Bor08_length%3D186244_depth%3D1.00x_circular%3Dtrue-blatX,KC819266.1,100,889,0,0,64,952,1,889,0,1642
Bor08_CDS_-_psbA_Bor08_length%3D186244_depth%3D1.00x_circular%3Dtrue-blatX,GQ917708.1,100,888,0,0,28,915,1,888,0,1640
Bor08_CDS_-_psbA_Bor08_length%3D186244_depth%3D1.00x_circular%3Dtrue-blatX,KX828393.1,100,876,0,0,65,940,876,1,0,1618
Bor08_CDS_-_psbA_Bor08_length%3D186244_depth%3D1.00x_circular%3Dtrue-blatX,KC819255.1,98.767,892,11,0,61,952,1,892,0,1587
Bor08_CDS_-_psbA_Bor08_length%3D186244_depth%3D1.00x_circular%3Dtrue-blatX,KC819250.1,98.655,892,12,0,61,952,1,892,0,1581
Bor08_CDS_-_psbA_Bor08_length%3D186244_depth%3D1.00x_circular%3Dtrue-blatX,KT807944.1,100,851,0,0,78,928,1,851,0,1572
Bor08_CDS_-_psbA_Bor08_length%3D186244_depth%3D1.00x_circular%3Dtrue-blatX,MG191375.1,96.612,915,31,0,59,973,1,915,0,1519
Bor09_CDS_-_psbA_Bor09_length%3D186244_depth%3D1.00x_circular%3Dtrue-blatX,JQ896231.1,100,895,0,0,49,943,1,895,0,1653
Bor09_CDS_-_psbA_Bor09_length%3D186244_depth%3D1.00x_circular%3Dtrue-blatX,KC819243.1,100,892,0,0,61,952,1,892,0,1648
Bor09_CDS_-_psbA_Bor09_length%3D186244_depth%3D1.00x_circular%3Dtrue-blatX,KC819266.1,100,889,0,0,64,952,1,889,0,1642
Bor09_CDS_-_psbA_Bor09_length%3D186244_depth%3D1.00x_circular%3Dtrue-blatX,GQ917708.1,100,888,0,0,28,915,1,888,0,1640
Bor09_CDS_-_psbA_Bor09_length%3D186244_depth%3D1.00x_circular%3Dtrue-blatX,KX828393.1,100,876,0,0,65,940,876,1,0,1618
Bor09_CDS_-_psbA_Bor09_length%3D186244_depth%3D1.00x_circular%3Dtrue-blatX,KC819255.1,98.767,892,11,0,61,952,1,892,0,1587
Bor09_CDS_-_psbA_Bor09_length%3D186244_depth%3D1.00x_circular%3Dtrue-blatX,KC819250.1,98.655,892,12,0,61,952,1,892,0,1581
Bor09_CDS_-_psbA_Bor09_length%3D186244_depth%3D1.00x_circular%3Dtrue-blatX,KT807944.1,100,851,0,0,78,928,1,851,0,1572
Bor09_CDS_-_psbA_Bor09_length%3D186244_depth%3D1.00x_circular%3Dtrue-blatX,MG191375.1,96.612,915,31,0,59,973,1,915,0,1519
Bor10_CDS_-_psbA_Bor10_length%3D186244_depth%3D1.00x_circular%3Dtrue-blatX,JQ896231.1,100,895,0,0,49,943,1,895,0,1653
Bor10_CDS_-_psbA_Bor10_length%3D186244_depth%3D1.00x_circular%3Dtrue-blatX,KC819243.1,100,892,0,0,61,952,1,892,0,1648
Bor10_CDS_-_psbA_Bor10_length%3D186244_depth%3D1.00x_circular%3Dtrue-blatX,KC819266.1,100,889,0,0,64,952,1,889,0,1642
Bor10_CDS_-_psbA_Bor10_length%3D186244_depth%3D1.00x_circular%3Dtrue-blatX,GQ917708.1,100,888,0,0,28,915,1,888,0,1640
Bor10_CDS_-_psbA_Bor10_length%3D186244_depth%3D1.00x_circular%3Dtrue-blatX,KX828393.1,100,876,0,0,65,940,876,1,0,1618
Bor10_CDS_-_psbA_Bor10_length%3D186244_depth%3D1.00x_circular%3Dtrue-blatX,KC819255.1,98.767,892,11,0,61,952,1,892,0,1587
Bor10_CDS_-_psbA_Bor10_length%3D186244_depth%3D1.00x_circular%3Dtrue-blatX,KC819250.1,98.655,892,12,0,61,952,1,892,0,1581
Bor10_CDS_-_psbA_Bor10_length%3D186244_depth%3D1.00x_circular%3Dtrue-blatX,KT807944.1,100,851,0,0,78,928,1,851,0,1572
Bor10_CDS_-_psbA_Bor10_length%3D186244_depth%3D1.00x_circular%3Dtrue-blatX,MG191375.1,96.612,915,31,0,59,973,1,915,0,1519
Bor11_CDS_-_psbA_Bor11_length%3D186244_depth%3D1.00x_circular%3Dtrue-blatX,JQ896231.1,100,895,0,0,49,943,1,895,0,1653
Bor11_CDS_-_psbA_Bor11_length%3D186244_depth%3D1.00x_circular%3Dtrue-blatX,KC819243.1,100,892,0,0,61,952,1,892,0,1648
Bor11_CDS_-_psbA_Bor11_length%3D186244_depth%3D1.00x_circular%3Dtrue-blatX,KC819266.1,100,889,0,0,64,952,1,889,0,1642
Bor11_CDS_-_psbA_Bor11_length%3D186244_depth%3D1.00x_circular%3Dtrue-blatX,GQ917708.1,100,888,0,0,28,915,1,888,0,1640
Bor11_CDS_-_psbA_Bor11_length%3D186244_depth%3D1.00x_circular%3Dtrue-blatX,KX828393.1,100,876,0,0,65,940,876,1,0,1618
Bor11_CDS_-_psbA_Bor11_length%3D186244_depth%3D1.00x_circular%3Dtrue-blatX,KC819255.1,98.767,892,11,0,61,952,1,892,0,1587
Bor11_CDS_-_psbA_Bor11_length%3D186244_depth%3D1.00x_circular%3Dtrue-blatX,KC819250.1,98.655,892,12,0,61,952,1,892,0,1581
Bor11_CDS_-_psbA_Bor11_length%3D186244_depth%3D1.00x_circular%3Dtrue-blatX,KT807944.1,100,851,0,0,78,928,1,851,0,1572
Bor11_CDS_-_psbA_Bor11_length%3D186244_depth%3D1.00x_circular%3Dtrue-blatX,MG191375.1,96.612,915,31,0,59,973,1,915,0,1519
Bor12_CDS_-_psbA_Bor12_length%3D186244_depth%3D1.00x_circular%3Dtrue-blatX,JQ896231.1,100,895,0,0,49,943,1,895,0,1653
Bor12_CDS_-_psbA_Bor12_length%3D186244_depth%3D1.00x_circular%3Dtrue-blatX,KC819243.1,100,892,0,0,61,952,1,892,0,1648
Bor12_CDS_-_psbA_Bor12_length%3D186244_depth%3D1.00x_circular%3Dtrue-blatX,KC819266.1,100,889,0,0,64,952,1,889,0,1642
Bor12_CDS_-_psbA_Bor12_length%3D186244_depth%3D1.00x_circular%3Dtrue-blatX,GQ917708.1,100,888,0,0,28,915,1,888,0,1640
Bor12_CDS_-_psbA_Bor12_length%3D186244_depth%3D1.00x_circular%3Dtrue-blatX,KX828393.1,100,876,0,0,65,940,876,1,0,1618
Bor12_CDS_-_psbA_Bor12_length%3D186244_depth%3D1.00x_circular%3Dtrue-blatX,KC819255.1,98.767,892,11,0,61,952,1,892,0,1587
Bor12_CDS_-_psbA_Bor12_length%3D186244_depth%3D1.00x_circular%3Dtrue-blatX,KC819250.1,98.655,892,12,0,61,952,1,892,0,1581
Bor12_CDS_-_psbA_Bor12_length%3D186244_depth%3D1.00x_circular%3Dtrue-blatX,KT807944.1,100,851,0,0,78,928,1,851,0,1572
Bor12_CDS_-_psbA_Bor12_length%3D186244_depth%3D1.00x_circular%3Dtrue-blatX,MG191375.1,96.612,915,31,0,59,973,1,915,0,1519
Fal01_CDS_-_psbA_Fal01_length%3D186244_depth%3D1.00x_circular%3Dtrue-blatX,JQ896231.1,100,895,0,0,49,943,1,895,0,1653
Fal01_CDS_-_psbA_Fal01_length%3D186244_depth%3D1.00x_circular%3Dtrue-blatX,KC819243.1,100,892,0,0,61,952,1,892,0,1648
Fal01_CDS_-_psbA_Fal01_length%3D186244_depth%3D1.00x_circular%3Dtrue-blatX,KC819266.1,100,889,0,0,64,952,1,889,0,1642
Fal01_CDS_-_psbA_Fal01_length%3D186244_depth%3D1.00x_circular%3Dtrue-blatX,GQ917708.1,100,888,0,0,28,915,1,888,0,1640
Fal01_CDS_-_psbA_Fal01_length%3D186244_depth%3D1.00x_circular%3Dtrue-blatX,KX828393.1,100,876,0,0,65,940,876,1,0,1618
Fal01_CDS_-_psbA_Fal01_length%3D186244_depth%3D1.00x_circular%3Dtrue-blatX,KC819255.1,98.767,892,11,0,61,952,1,892,0,1587
Fal01_CDS_-_psbA_Fal01_length%3D186244_depth%3D1.00x_circular%3Dtrue-blatX,KC819250.1,98.655,892,12,0,61,952,1,892,0,1581
Fal01_CDS_-_psbA_Fal01_length%3D186244_depth%3D1.00x_circular%3Dtrue-blatX,KT807944.1,100,851,0,0,78,928,1,851,0,1572
Fal01_CDS_-_psbA_Fal01_length%3D186244_depth%3D1.00x_circular%3Dtrue-blatX,MG191375.1,96.612,915,31,0,59,973,1,915,0,1519
Fal02_CDS_-_psbA_Fal02_length%3D186244_depth%3D1.00x_circular%3Dtrue-blatX,JQ896231.1,100,895,0,0,49,943,1,895,0,1653
Fal02_CDS_-_psbA_Fal02_length%3D186244_depth%3D1.00x_circular%3Dtrue-blatX,KC819243.1,100,892,0,0,61,952,1,892,0,1648
Fal02_CDS_-_psbA_Fal02_length%3D186244_depth%3D1.00x_circular%3Dtrue-blatX,KC819266.1,100,889,0,0,64,952,1,889,0,1642
Fal02_CDS_-_psbA_Fal02_length%3D186244_depth%3D1.00x_circular%3Dtrue-blatX,GQ917708.1,100,888,0,0,28,915,1,888,0,1640
Fal02_CDS_-_psbA_Fal02_length%3D186244_depth%3D1.00x_circular%3Dtrue-blatX,KX828393.1,100,876,0,0,65,940,876,1,0,1618
Fal02_CDS_-_psbA_Fal02_length%3D186244_depth%3D1.00x_circular%3Dtrue-blatX,KC819255.1,98.767,892,11,0,61,952,1,892,0,1587
Fal02_CDS_-_psbA_Fal02_length%3D186244_depth%3D1.00x_circular%3Dtrue-blatX,KC819250.1,98.655,892,12,0,61,952,1,892,0,1581
Fal02_CDS_-_psbA_Fal02_length%3D186244_depth%3D1.00x_circular%3Dtrue-blatX,KT807944.1,100,851,0,0,78,928,1,851,0,1572
Fal02_CDS_-_psbA_Fal02_length%3D186244_depth%3D1.00x_circular%3Dtrue-blatX,MG191375.1,96.612,915,31,0,59,973,1,915,0,1519
Fal04_CDS_-_psbA_Fal04_length%3D186244_depth%3D1.00x_circular%3Dtrue-blatX,JQ896231.1,100,895,0,0,49,943,1,895,0,1653
Fal04_CDS_-_psbA_Fal04_length%3D186244_depth%3D1.00x_circular%3Dtrue-blatX,KC819243.1,100,892,0,0,61,952,1,892,0,1648
Fal04_CDS_-_psbA_Fal04_length%3D186244_depth%3D1.00x_circular%3Dtrue-blatX,KC819266.1,100,889,0,0,64,952,1,889,0,1642
Fal04_CDS_-_psbA_Fal04_length%3D186244_depth%3D1.00x_circular%3Dtrue-blatX,GQ917708.1,100,888,0,0,28,915,1,888,0,1640
Fal04_CDS_-_psbA_Fal04_length%3D186244_depth%3D1.00x_circular%3Dtrue-blatX,KX828393.1,100,876,0,0,65,940,876,1,0,1618
Fal04_CDS_-_psbA_Fal04_length%3D186244_depth%3D1.00x_circular%3Dtrue-blatX,KC819255.1,98.767,892,11,0,61,952,1,892,0,1587
Fal04_CDS_-_psbA_Fal04_length%3D186244_depth%3D1.00x_circular%3Dtrue-blatX,KC819250.1,98.655,892,12,0,61,952,1,892,0,1581
Fal04_CDS_-_psbA_Fal04_length%3D186244_depth%3D1.00x_circular%3Dtrue-blatX,KT807944.1,100,851,0,0,78,928,1,851,0,1572
Fal04_CDS_-_psbA_Fal04_length%3D186244_depth%3D1.00x_circular%3Dtrue-blatX,MG191375.1,96.612,915,31,0,59,973,1,915,0,1519
Fal05_CDS_-_psbA_Fal05_length%3D186244_depth%3D1.00x_circular%3Dtrue-blatX,JQ896231.1,100,895,0,0,49,943,1,895,0,1653
Fal05_CDS_-_psbA_Fal05_length%3D186244_depth%3D1.00x_circular%3Dtrue-blatX,KC819243.1,100,892,0,0,61,952,1,892,0,1648
Fal05_CDS_-_psbA_Fal05_length%3D186244_depth%3D1.00x_circular%3Dtrue-blatX,KC819266.1,100,889,0,0,64,952,1,889,0,1642
Fal05_CDS_-_psbA_Fal05_length%3D186244_depth%3D1.00x_circular%3Dtrue-blatX,GQ917708.1,100,888,0,0,28,915,1,888,0,1640
Fal05_CDS_-_psbA_Fal05_length%3D186244_depth%3D1.00x_circular%3Dtrue-blatX,KX828393.1,100,876,0,0,65,940,876,1,0,1618
Fal05_CDS_-_psbA_Fal05_length%3D186244_depth%3D1.00x_circular%3Dtrue-blatX,KC819255.1,98.767,892,11,0,61,952,1,892,0,1587
Fal05_CDS_-_psbA_Fal05_length%3D186244_depth%3D1.00x_circular%3Dtrue-blatX,KC819250.1,98.655,892,12,0,61,952,1,892,0,1581
Fal05_CDS_-_psbA_Fal05_length%3D186244_depth%3D1.00x_circular%3Dtrue-blatX,KT807944.1,100,851,0,0,78,928,1,851,0,1572
Fal05_CDS_-_psbA_Fal05_length%3D186244_depth%3D1.00x_circular%3Dtrue-blatX,MG191375.1,96.612,915,31,0,59,973,1,915,0,1519
Fal06_CDS_-_psbA_Fal06_length%3D186244_depth%3D1.00x_circular%3Dtrue-blatX,JQ896231.1,100,895,0,0,49,943,1,895,0,1653
Fal06_CDS_-_psbA_Fal06_length%3D186244_depth%3D1.00x_circular%3Dtrue-blatX,KC819243.1,100,892,0,0,61,952,1,892,0,1648
Fal06_CDS_-_psbA_Fal06_length%3D186244_depth%3D1.00x_circular%3Dtrue-blatX,KC819266.1,100,889,0,0,64,952,1,889,0,1642
Fal06_CDS_-_psbA_Fal06_length%3D186244_depth%3D1.00x_circular%3Dtrue-blatX,GQ917708.1,100,888,0,0,28,915,1,888,0,1640
Fal06_CDS_-_psbA_Fal06_length%3D186244_depth%3D1.00x_circular%3Dtrue-blatX,KX828393.1,100,876,0,0,65,940,876,1,0,1618
Fal06_CDS_-_psbA_Fal06_length%3D186244_depth%3D1.00x_circular%3Dtrue-blatX,KC819255.1,98.767,892,11,0,61,952,1,892,0,1587
Fal06_CDS_-_psbA_Fal06_length%3D186244_depth%3D1.00x_circular%3Dtrue-blatX,KC819250.1,98.655,892,12,0,61,952,1,892,0,1581
Fal06_CDS_-_psbA_Fal06_length%3D186244_depth%3D1.00x_circular%3Dtrue-blatX,KT807944.1,100,851,0,0,78,928,1,851,0,1572
Fal06_CDS_-_psbA_Fal06_length%3D186244_depth%3D1.00x_circular%3Dtrue-blatX,MG191375.1,96.612,915,31,0,59,973,1,915,0,1519
Fal07_CDS_-_psbA_Fal07_length%3D186244_depth%3D1.00x_circular%3Dtrue-blatX,JQ896231.1,100,895,0,0,49,943,1,895,0,1653
Fal07_CDS_-_psbA_Fal07_length%3D186244_depth%3D1.00x_circular%3Dtrue-blatX,KC819243.1,100,892,0,0,61,952,1,892,0,1648
Fal07_CDS_-_psbA_Fal07_length%3D186244_depth%3D1.00x_circular%3Dtrue-blatX,KC819266.1,100,889,0,0,64,952,1,889,0,1642
Fal07_CDS_-_psbA_Fal07_length%3D186244_depth%3D1.00x_circular%3Dtrue-blatX,GQ917708.1,100,888,0,0,28,915,1,888,0,1640
Fal07_CDS_-_psbA_Fal07_length%3D186244_depth%3D1.00x_circular%3Dtrue-blatX,KX828393.1,100,876,0,0,65,940,876,1,0,1618
Fal07_CDS_-_psbA_Fal07_length%3D186244_depth%3D1.00x_circular%3Dtrue-blatX,KC819255.1,98.767,892,11,0,61,952,1,892,0,1587
Fal07_CDS_-_psbA_Fal07_length%3D186244_depth%3D1.00x_circular%3Dtrue-blatX,KC819250.1,98.655,892,12,0,61,952,1,892,0,1581
Fal07_CDS_-_psbA_Fal07_length%3D186244_depth%3D1.00x_circular%3Dtrue-blatX,KT807944.1,100,851,0,0,78,928,1,851,0,1572
Fal07_CDS_-_psbA_Fal07_length%3D186244_depth%3D1.00x_circular%3Dtrue-blatX,MG191375.1,96.612,915,31,0,59,973,1,915,0,1519
Fal08_CDS_-_psbA_Fal08_length%3D186244_depth%3D1.00x_circular%3Dtrue-blatX,JQ896231.1,100,895,0,0,49,943,1,895,0,1653
Fal08_CDS_-_psbA_Fal08_length%3D186244_depth%3D1.00x_circular%3Dtrue-blatX,KC819243.1,100,892,0,0,61,952,1,892,0,1648
Fal08_CDS_-_psbA_Fal08_length%3D186244_depth%3D1.00x_circular%3Dtrue-blatX,KC819266.1,100,889,0,0,64,952,1,889,0,1642
Fal08_CDS_-_psbA_Fal08_length%3D186244_depth%3D1.00x_circular%3Dtrue-blatX,GQ917708.1,100,888,0,0,28,915,1,888,0,1640
Fal08_CDS_-_psbA_Fal08_length%3D186244_depth%3D1.00x_circular%3Dtrue-blatX,KX828393.1,100,876,0,0,65,940,876,1,0,1618
Fal08_CDS_-_psbA_Fal08_length%3D186244_depth%3D1.00x_circular%3Dtrue-blatX,KC819255.1,98.767,892,11,0,61,952,1,892,0,1587
Fal08_CDS_-_psbA_Fal08_length%3D186244_depth%3D1.00x_circular%3Dtrue-blatX,KC819250.1,98.655,892,12,0,61,952,1,892,0,1581
Fal08_CDS_-_psbA_Fal08_length%3D186244_depth%3D1.00x_circular%3Dtrue-blatX,KT807944.1,100,851,0,0,78,928,1,851,0,1572
Fal08_CDS_-_psbA_Fal08_length%3D186244_depth%3D1.00x_circular%3Dtrue-blatX,MG191375.1,96.612,915,31,0,59,973,1,915,0,1519
Fal09_CDS_-_psbA_Fal09_length%3D186244_depth%3D1.00x_circular%3Dtrue-blatX,JQ896231.1,100,895,0,0,49,943,1,895,0,1653
Fal09_CDS_-_psbA_Fal09_length%3D186244_depth%3D1.00x_circular%3Dtrue-blatX,KC819243.1,100,892,0,0,61,952,1,892,0,1648
Fal09_CDS_-_psbA_Fal09_length%3D186244_depth%3D1.00x_circular%3Dtrue-blatX,KC819266.1,100,889,0,0,64,952,1,889,0,1642
Fal09_CDS_-_psbA_Fal09_length%3D186244_depth%3D1.00x_circular%3Dtrue-blatX,GQ917708.1,100,888,0,0,28,915,1,888,0,1640
Fal09_CDS_-_psbA_Fal09_length%3D186244_depth%3D1.00x_circular%3Dtrue-blatX,KX828393.1,100,876,0,0,65,940,876,1,0,1618
Fal09_CDS_-_psbA_Fal09_length%3D186244_depth%3D1.00x_circular%3Dtrue-blatX,KC819255.1,98.767,892,11,0,61,952,1,892,0,1587
Fal09_CDS_-_psbA_Fal09_length%3D186244_depth%3D1.00x_circular%3Dtrue-blatX,KC819250.1,98.655,892,12,0,61,952,1,892,0,1581
Fal09_CDS_-_psbA_Fal09_length%3D186244_depth%3D1.00x_circular%3Dtrue-blatX,KT807944.1,100,851,0,0,78,928,1,851,0,1572
Fal09_CDS_-_psbA_Fal09_length%3D186244_depth%3D1.00x_circular%3Dtrue-blatX,MG191375.1,96.612,915,31,0,59,973,1,915,0,1519
Fal10_CDS_-_psbA_Fal10_length%3D186244_depth%3D1.00x_circular%3Dtrue-blatX,JQ896231.1,100,895,0,0,49,943,1,895,0,1653
Fal10_CDS_-_psbA_Fal10_length%3D186244_depth%3D1.00x_circular%3Dtrue-blatX,KC819243.1,100,892,0,0,61,952,1,892,0,1648
Fal10_CDS_-_psbA_Fal10_length%3D186244_depth%3D1.00x_circular%3Dtrue-blatX,KC819266.1,100,889,0,0,64,952,1,889,0,1642
Fal10_CDS_-_psbA_Fal10_length%3D186244_depth%3D1.00x_circular%3Dtrue-blatX,GQ917708.1,100,888,0,0,28,915,1,888,0,1640
Fal10_CDS_-_psbA_Fal10_length%3D186244_depth%3D1.00x_circular%3Dtrue-blatX,KX828393.1,100,876,0,0,65,940,876,1,0,1618
Fal10_CDS_-_psbA_Fal10_length%3D186244_depth%3D1.00x_circular%3Dtrue-blatX,KC819255.1,98.767,892,11,0,61,952,1,892,0,1587
Fal10_CDS_-_psbA_Fal10_length%3D186244_depth%3D1.00x_circular%3Dtrue-blatX,KC819250.1,98.655,892,12,0,61,952,1,892,0,1581
Fal10_CDS_-_psbA_Fal10_length%3D186244_depth%3D1.00x_circular%3Dtrue-blatX,KT807944.1,100,851,0,0,78,928,1,851,0,1572
Fal10_CDS_-_psbA_Fal10_length%3D186244_depth%3D1.00x_circular%3Dtrue-blatX,MG191375.1,96.612,915,31,0,59,973,1,915,0,1519
Man03_CDS_-_psbA_Man03_length%3D186244_depth%3D1.00x_circular%3Dtrue-blatX,JQ896231.1,100,895,0,0,49,943,1,895,0,1653
Man03_CDS_-_psbA_Man03_length%3D186244_depth%3D1.00x_circular%3Dtrue-blatX,KC819243.1,100,892,0,0,61,952,1,892,0,1648
Man03_CDS_-_psbA_Man03_length%3D186244_depth%3D1.00x_circular%3Dtrue-blatX,KC819266.1,100,889,0,0,64,952,1,889,0,1642
Man03_CDS_-_psbA_Man03_length%3D186244_depth%3D1.00x_circular%3Dtrue-blatX,GQ917708.1,100,888,0,0,28,915,1,888,0,1640
Man03_CDS_-_psbA_Man03_length%3D186244_depth%3D1.00x_circular%3Dtrue-blatX,KX828393.1,100,876,0,0,65,940,876,1,0,1618
Man03_CDS_-_psbA_Man03_length%3D186244_depth%3D1.00x_circular%3Dtrue-blatX,KC819255.1,98.767,892,11,0,61,952,1,892,0,1587
Man03_CDS_-_psbA_Man03_length%3D186244_depth%3D1.00x_circular%3Dtrue-blatX,KC819250.1,98.655,892,12,0,61,952,1,892,0,1581
Man03_CDS_-_psbA_Man03_length%3D186244_depth%3D1.00x_circular%3Dtrue-blatX,KT807944.1,100,851,0,0,78,928,1,851,0,1572
Man03_CDS_-_psbA_Man03_length%3D186244_depth%3D1.00x_circular%3Dtrue-blatX,MG191375.1,96.612,915,31,0,59,973,1,915,0,1519
Man04_CDS_-_psbA_Man04_length%3D186244_depth%3D1.00x_circular%3Dtrue-blatX,JQ896231.1,100,895,0,0,49,943,1,895,0,1653
Man04_CDS_-_psbA_Man04_length%3D186244_depth%3D1.00x_circular%3Dtrue-blatX,KC819243.1,100,892,0,0,61,952,1,892,0,1648
Man04_CDS_-_psbA_Man04_length%3D186244_depth%3D1.00x_circular%3Dtrue-blatX,KC819266.1,100,889,0,0,64,952,1,889,0,1642
Man04_CDS_-_psbA_Man04_length%3D186244_depth%3D1.00x_circular%3Dtrue-blatX,GQ917708.1,100,888,0,0,28,915,1,888,0,1640
Man04_CDS_-_psbA_Man04_length%3D186244_depth%3D1.00x_circular%3Dtrue-blatX,KX828393.1,100,876,0,0,65,940,876,1,0,1618
Man04_CDS_-_psbA_Man04_length%3D186244_depth%3D1.00x_circular%3Dtrue-blatX,KC819255.1,98.767,892,11,0,61,952,1,892,0,1587
Man04_CDS_-_psbA_Man04_length%3D186244_depth%3D1.00x_circular%3Dtrue-blatX,KC819250.1,98.655,892,12,0,61,952,1,892,0,1581
Man04_CDS_-_psbA_Man04_length%3D186244_depth%3D1.00x_circular%3Dtrue-blatX,KT807944.1,100,851,0,0,78,928,1,851,0,1572
Man04_CDS_-_psbA_Man04_length%3D186244_depth%3D1.00x_circular%3Dtrue-blatX,MG191375.1,96.612,915,31,0,59,973,1,915,0,1519
Man21_CDS_-_psbA_Man21_length%3D186244_depth%3D1.00x_circular%3Dtrue-blatX,JQ896231.1,100,895,0,0,49,943,1,895,0,1653
Man21_CDS_-_psbA_Man21_length%3D186244_depth%3D1.00x_circular%3Dtrue-blatX,KC819243.1,100,892,0,0,61,952,1,892,0,1648
Man21_CDS_-_psbA_Man21_length%3D186244_depth%3D1.00x_circular%3Dtrue-blatX,KC819266.1,100,889,0,0,64,952,1,889,0,1642
Man21_CDS_-_psbA_Man21_length%3D186244_depth%3D1.00x_circular%3Dtrue-blatX,GQ917708.1,100,888,0,0,28,915,1,888,0,1640
Man21_CDS_-_psbA_Man21_length%3D186244_depth%3D1.00x_circular%3Dtrue-blatX,KX828393.1,100,876,0,0,65,940,876,1,0,1618
Man21_CDS_-_psbA_Man21_length%3D186244_depth%3D1.00x_circular%3Dtrue-blatX,KC819255.1,98.767,892,11,0,61,952,1,892,0,1587
Man21_CDS_-_psbA_Man21_length%3D186244_depth%3D1.00x_circular%3Dtrue-blatX,KC819250.1,98.655,892,12,0,61,952,1,892,0,1581
Man21_CDS_-_psbA_Man21_length%3D186244_depth%3D1.00x_circular%3Dtrue-blatX,KT807944.1,100,851,0,0,78,928,1,851,0,1572
Man21_CDS_-_psbA_Man21_length%3D186244_depth%3D1.00x_circular%3Dtrue-blatX,MG191375.1,96.612,915,31,0,59,973,1,915,0,1519
Man24_CDS_-_psbA_Man24_length%3D186244_depth%3D1.00x_circular%3Dtrue-blatX,JQ896231.1,100,895,0,0,49,943,1,895,0,1653
Man24_CDS_-_psbA_Man24_length%3D186244_depth%3D1.00x_circular%3Dtrue-blatX,KC819243.1,100,892,0,0,61,952,1,892,0,1648
Man24_CDS_-_psbA_Man24_length%3D186244_depth%3D1.00x_circular%3Dtrue-blatX,KC819266.1,100,889,0,0,64,952,1,889,0,1642
Man24_CDS_-_psbA_Man24_length%3D186244_depth%3D1.00x_circular%3Dtrue-blatX,GQ917708.1,100,888,0,0,28,915,1,888,0,1640
Man24_CDS_-_psbA_Man24_length%3D186244_depth%3D1.00x_circular%3Dtrue-blatX,KX828393.1,100,876,0,0,65,940,876,1,0,1618
Man24_CDS_-_psbA_Man24_length%3D186244_depth%3D1.00x_circular%3Dtrue-blatX,KC819255.1,98.767,892,11,0,61,952,1,892,0,1587
Man24_CDS_-_psbA_Man24_length%3D186244_depth%3D1.00x_circular%3Dtrue-blatX,KC819250.1,98.655,892,12,0,61,952,1,892,0,1581
Man24_CDS_-_psbA_Man24_length%3D186244_depth%3D1.00x_circular%3Dtrue-blatX,KT807944.1,100,851,0,0,78,928,1,851,0,1572
Man24_CDS_-_psbA_Man24_length%3D186244_depth%3D1.00x_circular%3Dtrue-blatX,MG191375.1,96.612,915,31,0,59,973,1,915,0,1519
Man28_CDS_-_psbA_Man28_length%3D186244_depth%3D1.00x_circular%3Dtrue-blatX,JQ896231.1,100,895,0,0,49,943,1,895,0,1653
Man28_CDS_-_psbA_Man28_length%3D186244_depth%3D1.00x_circular%3Dtrue-blatX,KC819243.1,100,892,0,0,61,952,1,892,0,1648
Man28_CDS_-_psbA_Man28_length%3D186244_depth%3D1.00x_circular%3Dtrue-blatX,KC819266.1,100,889,0,0,64,952,1,889,0,1642
Man28_CDS_-_psbA_Man28_length%3D186244_depth%3D1.00x_circular%3Dtrue-blatX,GQ917708.1,100,888,0,0,28,915,1,888,0,1640
Man28_CDS_-_psbA_Man28_length%3D186244_depth%3D1.00x_circular%3Dtrue-blatX,KX828393.1,100,876,0,0,65,940,876,1,0,1618
Man28_CDS_-_psbA_Man28_length%3D186244_depth%3D1.00x_circular%3Dtrue-blatX,KC819255.1,98.767,892,11,0,61,952,1,892,0,1587
Man28_CDS_-_psbA_Man28_length%3D186244_depth%3D1.00x_circular%3Dtrue-blatX,KC819250.1,98.655,892,12,0,61,952,1,892,0,1581
Man28_CDS_-_psbA_Man28_length%3D186244_depth%3D1.00x_circular%3Dtrue-blatX,KT807944.1,100,851,0,0,78,928,1,851,0,1572
Man28_CDS_-_psbA_Man28_length%3D186244_depth%3D1.00x_circular%3Dtrue-blatX,MG191375.1,96.612,915,31,0,59,973,1,915,0,1519
Man44_CDS_-_psbA_Man44_length%3D186244_depth%3D1.00x_circular%3Dtrue-blatX,JQ896231.1,100,895,0,0,49,943,1,895,0,1653
Man44_CDS_-_psbA_Man44_length%3D186244_depth%3D1.00x_circular%3Dtrue-blatX,KC819243.1,100,892,0,0,61,952,1,892,0,1648
Man44_CDS_-_psbA_Man44_length%3D186244_depth%3D1.00x_circular%3Dtrue-blatX,KC819266.1,100,889,0,0,64,952,1,889,0,1642
Man44_CDS_-_psbA_Man44_length%3D186244_depth%3D1.00x_circular%3Dtrue-blatX,GQ917708.1,100,888,0,0,28,915,1,888,0,1640
Man44_CDS_-_psbA_Man44_length%3D186244_depth%3D1.00x_circular%3Dtrue-blatX,KX828393.1,100,876,0,0,65,940,876,1,0,1618
Man44_CDS_-_psbA_Man44_length%3D186244_depth%3D1.00x_circular%3Dtrue-blatX,KC819255.1,98.767,892,11,0,61,952,1,892,0,1587
Man44_CDS_-_psbA_Man44_length%3D186244_depth%3D1.00x_circular%3Dtrue-blatX,KC819250.1,98.655,892,12,0,61,952,1,892,0,1581
Man44_CDS_-_psbA_Man44_length%3D186244_depth%3D1.00x_circular%3Dtrue-blatX,KT807944.1,100,851,0,0,78,928,1,851,0,1572
Man44_CDS_-_psbA_Man44_length%3D186244_depth%3D1.00x_circular%3Dtrue-blatX,MG191375.1,96.612,915,31,0,59,973,1,915,0,1519
Mil01_CDS_-_psbA_Mil01_length%3D186244_depth%3D1.00x_circular%3Dtrue-blatX,JQ896231.1,100,895,0,0,49,943,1,895,0,1653
Mil01_CDS_-_psbA_Mil01_length%3D186244_depth%3D1.00x_circular%3Dtrue-blatX,KC819243.1,100,892,0,0,61,952,1,892,0,1648
Mil01_CDS_-_psbA_Mil01_length%3D186244_depth%3D1.00x_circular%3Dtrue-blatX,KC819266.1,100,889,0,0,64,952,1,889,0,1642
Mil01_CDS_-_psbA_Mil01_length%3D186244_depth%3D1.00x_circular%3Dtrue-blatX,GQ917708.1,100,888,0,0,28,915,1,888,0,1640
Mil01_CDS_-_psbA_Mil01_length%3D186244_depth%3D1.00x_circular%3Dtrue-blatX,KX828393.1,100,876,0,0,65,940,876,1,0,1618
Mil01_CDS_-_psbA_Mil01_length%3D186244_depth%3D1.00x_circular%3Dtrue-blatX,KC819255.1,98.767,892,11,0,61,952,1,892,0,1587
Mil01_CDS_-_psbA_Mil01_length%3D186244_depth%3D1.00x_circular%3Dtrue-blatX,KC819250.1,98.655,892,12,0,61,952,1,892,0,1581
Mil01_CDS_-_psbA_Mil01_length%3D186244_depth%3D1.00x_circular%3Dtrue-blatX,KT807944.1,100,851,0,0,78,928,1,851,0,1572
Mil01_CDS_-_psbA_Mil01_length%3D186244_depth%3D1.00x_circular%3Dtrue-blatX,MG191375.1,96.612,915,31,0,59,973,1,915,0,1519
Mor01_CDS_-_psbA_Mor01_length%3D186244_depth%3D1.00x_circular%3Dtrue-blatX,JQ896231.1,100,895,0,0,49,943,1,895,0,1653
Mor01_CDS_-_psbA_Mor01_length%3D186244_depth%3D1.00x_circular%3Dtrue-blatX,KC819243.1,100,892,0,0,61,952,1,892,0,1648
Mor01_CDS_-_psbA_Mor01_length%3D186244_depth%3D1.00x_circular%3Dtrue-blatX,KC819266.1,100,889,0,0,64,952,1,889,0,1642
Mor01_CDS_-_psbA_Mor01_length%3D186244_depth%3D1.00x_circular%3Dtrue-blatX,GQ917708.1,100,888,0,0,28,915,1,888,0,1640
Mor01_CDS_-_psbA_Mor01_length%3D186244_depth%3D1.00x_circular%3Dtrue-blatX,KX828393.1,100,876,0,0,65,940,876,1,0,1618
Mor01_CDS_-_psbA_Mor01_length%3D186244_depth%3D1.00x_circular%3Dtrue-blatX,KC819255.1,98.767,892,11,0,61,952,1,892,0,1587
Mor01_CDS_-_psbA_Mor01_length%3D186244_depth%3D1.00x_circular%3Dtrue-blatX,KC819250.1,98.655,892,12,0,61,952,1,892,0,1581
Mor01_CDS_-_psbA_Mor01_length%3D186244_depth%3D1.00x_circular%3Dtrue-blatX,KT807944.1,100,851,0,0,78,928,1,851,0,1572
Mor01_CDS_-_psbA_Mor01_length%3D186244_depth%3D1.00x_circular%3Dtrue-blatX,MG191375.1,96.612,915,31,0,59,973,1,915,0,1519
Mor02_CDS_-_psbA_Mor02_length%3D186244_depth%3D1.00x_circular%3Dtrue-blatX,JQ896231.1,100,895,0,0,49,943,1,895,0,1653
Mor02_CDS_-_psbA_Mor02_length%3D186244_depth%3D1.00x_circular%3Dtrue-blatX,KC819243.1,100,892,0,0,61,952,1,892,0,1648
Mor02_CDS_-_psbA_Mor02_length%3D186244_depth%3D1.00x_circular%3Dtrue-blatX,KC819266.1,100,889,0,0,64,952,1,889,0,1642
Mor02_CDS_-_psbA_Mor02_length%3D186244_depth%3D1.00x_circular%3Dtrue-blatX,GQ917708.1,100,888,0,0,28,915,1,888,0,1640
Mor02_CDS_-_psbA_Mor02_length%3D186244_depth%3D1.00x_circular%3Dtrue-blatX,KX828393.1,100,876,0,0,65,940,876,1,0,1618
Mor02_CDS_-_psbA_Mor02_length%3D186244_depth%3D1.00x_circular%3Dtrue-blatX,KC819255.1,98.767,892,11,0,61,952,1,892,0,1587
Mor02_CDS_-_psbA_Mor02_length%3D186244_depth%3D1.00x_circular%3Dtrue-blatX,KC819250.1,98.655,892,12,0,61,952,1,892,0,1581
Mor02_CDS_-_psbA_Mor02_length%3D186244_depth%3D1.00x_circular%3Dtrue-blatX,KT807944.1,100,851,0,0,78,928,1,851,0,1572
Mor02_CDS_-_psbA_Mor02_length%3D186244_depth%3D1.00x_circular%3Dtrue-blatX,MG191375.1,96.612,915,31,0,59,973,1,915,0,1519
Mor03_CDS_-_psbA_Mor03_length%3D186244_depth%3D1.00x_circular%3Dtrue-blatX,JQ896231.1,100,895,0,0,49,943,1,895,0,1653
Mor03_CDS_-_psbA_Mor03_length%3D186244_depth%3D1.00x_circular%3Dtrue-blatX,KC819243.1,100,892,0,0,61,952,1,892,0,1648
Mor03_CDS_-_psbA_Mor03_length%3D186244_depth%3D1.00x_circular%3Dtrue-blatX,KC819266.1,100,889,0,0,64,952,1,889,0,1642
Mor03_CDS_-_psbA_Mor03_length%3D186244_depth%3D1.00x_circular%3Dtrue-blatX,GQ917708.1,100,888,0,0,28,915,1,888,0,1640
Mor03_CDS_-_psbA_Mor03_length%3D186244_depth%3D1.00x_circular%3Dtrue-blatX,KX828393.1,100,876,0,0,65,940,876,1,0,1618
Mor03_CDS_-_psbA_Mor03_length%3D186244_depth%3D1.00x_circular%3Dtrue-blatX,KC819255.1,98.767,892,11,0,61,952,1,892,0,1587
Mor03_CDS_-_psbA_Mor03_length%3D186244_depth%3D1.00x_circular%3Dtrue-blatX,KC819250.1,98.655,892,12,0,61,952,1,892,0,1581
Mor03_CDS_-_psbA_Mor03_length%3D186244_depth%3D1.00x_circular%3Dtrue-blatX,KT807944.1,100,851,0,0,78,928,1,851,0,1572
Mor03_CDS_-_psbA_Mor03_length%3D186244_depth%3D1.00x_circular%3Dtrue-blatX,MG191375.1,96.612,915,31,0,59,973,1,915,0,1519
Mor04_CDS_-_psbA_Mor04_length%3D186244_depth%3D1.00x_circular%3Dtrue-blatX,JQ896231.1,100,895,0,0,49,943,1,895,0,1653
Mor04_CDS_-_psbA_Mor04_length%3D186244_depth%3D1.00x_circular%3Dtrue-blatX,KC819243.1,100,892,0,0,61,952,1,892,0,1648
Mor04_CDS_-_psbA_Mor04_length%3D186244_depth%3D1.00x_circular%3Dtrue-blatX,KC819266.1,100,889,0,0,64,952,1,889,0,1642
Mor04_CDS_-_psbA_Mor04_length%3D186244_depth%3D1.00x_circular%3Dtrue-blatX,GQ917708.1,100,888,0,0,28,915,1,888,0,1640
Mor04_CDS_-_psbA_Mor04_length%3D186244_depth%3D1.00x_circular%3Dtrue-blatX,KX828393.1,100,876,0,0,65,940,876,1,0,1618
Mor04_CDS_-_psbA_Mor04_length%3D186244_depth%3D1.00x_circular%3Dtrue-blatX,KC819255.1,98.767,892,11,0,61,952,1,892,0,1587
Mor04_CDS_-_psbA_Mor04_length%3D186244_depth%3D1.00x_circular%3Dtrue-blatX,KC819250.1,98.655,892,12,0,61,952,1,892,0,1581
Mor04_CDS_-_psbA_Mor04_length%3D186244_depth%3D1.00x_circular%3Dtrue-blatX,KT807944.1,100,851,0,0,78,928,1,851,0,1572
Mor04_CDS_-_psbA_Mor04_length%3D186244_depth%3D1.00x_circular%3Dtrue-blatX,MG191375.1,96.612,915,31,0,59,973,1,915,0,1519
Mor05_CDS_-_psbA_Mor05_length%3D186244_depth%3D1.00x_circular%3Dtrue-blatX,JQ896231.1,100,895,0,0,49,943,1,895,0,1653
Mor05_CDS_-_psbA_Mor05_length%3D186244_depth%3D1.00x_circular%3Dtrue-blatX,KC819243.1,100,892,0,0,61,952,1,892,0,1648
Mor05_CDS_-_psbA_Mor05_length%3D186244_depth%3D1.00x_circular%3Dtrue-blatX,KC819266.1,100,889,0,0,64,952,1,889,0,1642
Mor05_CDS_-_psbA_Mor05_length%3D186244_depth%3D1.00x_circular%3Dtrue-blatX,GQ917708.1,100,888,0,0,28,915,1,888,0,1640
Mor05_CDS_-_psbA_Mor05_length%3D186244_depth%3D1.00x_circular%3Dtrue-blatX,KX828393.1,100,876,0,0,65,940,876,1,0,1618
Mor05_CDS_-_psbA_Mor05_length%3D186244_depth%3D1.00x_circular%3Dtrue-blatX,KC819255.1,98.767,892,11,0,61,952,1,892,0,1587
Mor05_CDS_-_psbA_Mor05_length%3D186244_depth%3D1.00x_circular%3Dtrue-blatX,KC819250.1,98.655,892,12,0,61,952,1,892,0,1581
Mor05_CDS_-_psbA_Mor05_length%3D186244_depth%3D1.00x_circular%3Dtrue-blatX,KT807944.1,100,851,0,0,78,928,1,851,0,1572
Mor05_CDS_-_psbA_Mor05_length%3D186244_depth%3D1.00x_circular%3Dtrue-blatX,MG191375.1,96.612,915,31,0,59,973,1,915,0,1519
Mor06_CDS_-_psbA_Mor06_length%3D186244_depth%3D1.00x_circular%3Dtrue-blatX,JQ896231.1,100,895,0,0,49,943,1,895,0,1653
Mor06_CDS_-_psbA_Mor06_length%3D186244_depth%3D1.00x_circular%3Dtrue-blatX,KC819243.1,100,892,0,0,61,952,1,892,0,1648
Mor06_CDS_-_psbA_Mor06_length%3D186244_depth%3D1.00x_circular%3Dtrue-blatX,KC819266.1,100,889,0,0,64,952,1,889,0,1642
Mor06_CDS_-_psbA_Mor06_length%3D186244_depth%3D1.00x_circular%3Dtrue-blatX,GQ917708.1,100,888,0,0,28,915,1,888,0,1640
Mor06_CDS_-_psbA_Mor06_length%3D186244_depth%3D1.00x_circular%3Dtrue-blatX,KX828393.1,100,876,0,0,65,940,876,1,0,1618
Mor06_CDS_-_psbA_Mor06_length%3D186244_depth%3D1.00x_circular%3Dtrue-blatX,KC819255.1,98.767,892,11,0,61,952,1,892,0,1587
Mor06_CDS_-_psbA_Mor06_length%3D186244_depth%3D1.00x_circular%3Dtrue-blatX,KC819250.1,98.655,892,12,0,61,952,1,892,0,1581
Mor06_CDS_-_psbA_Mor06_length%3D186244_depth%3D1.00x_circular%3Dtrue-blatX,KT807944.1,100,851,0,0,78,928,1,851,0,1572
Mor06_CDS_-_psbA_Mor06_length%3D186244_depth%3D1.00x_circular%3Dtrue-blatX,MG191375.1,96.612,915,31,0,59,973,1,915,0,1519
Mor07_CDS_-_psbA_Mor07_length%3D186244_depth%3D1.00x_circular%3Dtrue-blatX,JQ896231.1,100,895,0,0,49,943,1,895,0,1653
Mor07_CDS_-_psbA_Mor07_length%3D186244_depth%3D1.00x_circular%3Dtrue-blatX,KC819243.1,100,892,0,0,61,952,1,892,0,1648
Mor07_CDS_-_psbA_Mor07_length%3D186244_depth%3D1.00x_circular%3Dtrue-blatX,KC819266.1,100,889,0,0,64,952,1,889,0,1642
Mor07_CDS_-_psbA_Mor07_length%3D186244_depth%3D1.00x_circular%3Dtrue-blatX,GQ917708.1,100,888,0,0,28,915,1,888,0,1640
Mor07_CDS_-_psbA_Mor07_length%3D186244_depth%3D1.00x_circular%3Dtrue-blatX,KX828393.1,100,876,0,0,65,940,876,1,0,1618
Mor07_CDS_-_psbA_Mor07_length%3D186244_depth%3D1.00x_circular%3Dtrue-blatX,KC819255.1,98.767,892,11,0,61,952,1,892,0,1587
Mor07_CDS_-_psbA_Mor07_length%3D186244_depth%3D1.00x_circular%3Dtrue-blatX,KC819250.1,98.655,892,12,0,61,952,1,892,0,1581
Mor07_CDS_-_psbA_Mor07_length%3D186244_depth%3D1.00x_circular%3Dtrue-blatX,KT807944.1,100,851,0,0,78,928,1,851,0,1572
Mor07_CDS_-_psbA_Mor07_length%3D186244_depth%3D1.00x_circular%3Dtrue-blatX,MG191375.1,96.612,915,31,0,59,973,1,915,0,1519
Mor08_CDS_-_psbA_Mor08_length%3D186244_depth%3D1.00x_circular%3Dtrue-blatX,JQ896231.1,100,895,0,0,49,943,1,895,0,1653
Mor08_CDS_-_psbA_Mor08_length%3D186244_depth%3D1.00x_circular%3Dtrue-blatX,KC819243.1,100,892,0,0,61,952,1,892,0,1648
Mor08_CDS_-_psbA_Mor08_length%3D186244_depth%3D1.00x_circular%3Dtrue-blatX,KC819266.1,100,889,0,0,64,952,1,889,0,1642
Mor08_CDS_-_psbA_Mor08_length%3D186244_depth%3D1.00x_circular%3Dtrue-blatX,GQ917708.1,100,888,0,0,28,915,1,888,0,1640
Mor08_CDS_-_psbA_Mor08_length%3D186244_depth%3D1.00x_circular%3Dtrue-blatX,KX828393.1,100,876,0,0,65,940,876,1,0,1618
Mor08_CDS_-_psbA_Mor08_length%3D186244_depth%3D1.00x_circular%3Dtrue-blatX,KC819255.1,98.767,892,11,0,61,952,1,892,0,1587
Mor08_CDS_-_psbA_Mor08_length%3D186244_depth%3D1.00x_circular%3Dtrue-blatX,KC819250.1,98.655,892,12,0,61,952,1,892,0,1581
Mor08_CDS_-_psbA_Mor08_length%3D186244_depth%3D1.00x_circular%3Dtrue-blatX,KT807944.1,100,851,0,0,78,928,1,851,0,1572
Mor08_CDS_-_psbA_Mor08_length%3D186244_depth%3D1.00x_circular%3Dtrue-blatX,MG191375.1,96.612,915,31,0,59,973,1,915,0,1519
Mor09_CDS_-_psbA_Mor09_length%3D186244_depth%3D1.00x_circular%3Dtrue-blatX,JQ896231.1,100,895,0,0,49,943,1,895,0,1653
Mor09_CDS_-_psbA_Mor09_length%3D186244_depth%3D1.00x_circular%3Dtrue-blatX,KC819243.1,100,892,0,0,61,952,1,892,0,1648
Mor09_CDS_-_psbA_Mor09_length%3D186244_depth%3D1.00x_circular%3Dtrue-blatX,KC819266.1,100,889,0,0,64,952,1,889,0,1642
Mor09_CDS_-_psbA_Mor09_length%3D186244_depth%3D1.00x_circular%3Dtrue-blatX,GQ917708.1,100,888,0,0,28,915,1,888,0,1640
Mor09_CDS_-_psbA_Mor09_length%3D186244_depth%3D1.00x_circular%3Dtrue-blatX,KX828393.1,100,876,0,0,65,940,876,1,0,1618
Mor09_CDS_-_psbA_Mor09_length%3D186244_depth%3D1.00x_circular%3Dtrue-blatX,KC819255.1,98.767,892,11,0,61,952,1,892,0,1587
Mor09_CDS_-_psbA_Mor09_length%3D186244_depth%3D1.00x_circular%3Dtrue-blatX,KC819250.1,98.655,892,12,0,61,952,1,892,0,1581
Mor09_CDS_-_psbA_Mor09_length%3D186244_depth%3D1.00x_circular%3Dtrue-blatX,KT807944.1,100,851,0,0,78,928,1,851,0,1572
Mor09_CDS_-_psbA_Mor09_length%3D186244_depth%3D1.00x_circular%3Dtrue-blatX,MG191375.1,96.612,915,31,0,59,973,1,915,0,1519
Mor11_CDS_-_psbA_Mor11_length%3D186244_depth%3D1.00x_circular%3Dtrue-blatX,JQ896231.1,100,895,0,0,49,943,1,895,0,1653
Mor11_CDS_-_psbA_Mor11_length%3D186244_depth%3D1.00x_circular%3Dtrue-blatX,KC819243.1,100,892,0,0,61,952,1,892,0,1648
Mor11_CDS_-_psbA_Mor11_length%3D186244_depth%3D1.00x_circular%3Dtrue-blatX,KC819266.1,100,889,0,0,64,952,1,889,0,1642
Mor11_CDS_-_psbA_Mor11_length%3D186244_depth%3D1.00x_circular%3Dtrue-blatX,GQ917708.1,100,888,0,0,28,915,1,888,0,1640
Mor11_CDS_-_psbA_Mor11_length%3D186244_depth%3D1.00x_circular%3Dtrue-blatX,KX828393.1,100,876,0,0,65,940,876,1,0,1618
Mor11_CDS_-_psbA_Mor11_length%3D186244_depth%3D1.00x_circular%3Dtrue-blatX,KC819255.1,98.767,892,11,0,61,952,1,892,0,1587
Mor11_CDS_-_psbA_Mor11_length%3D186244_depth%3D1.00x_circular%3Dtrue-blatX,KC819250.1,98.655,892,12,0,61,952,1,892,0,1581
Mor11_CDS_-_psbA_Mor11_length%3D186244_depth%3D1.00x_circular%3Dtrue-blatX,KT807944.1,100,851,0,0,78,928,1,851,0,1572
Mor11_CDS_-_psbA_Mor11_length%3D186244_depth%3D1.00x_circular%3Dtrue-blatX,MG191375.1,96.612,915,31,0,59,973,1,915,0,1519
Mor12_CDS_-_psbA_Mor12_length%3D186244_depth%3D1.00x_circular%3Dtrue-blatX,JQ896231.1,100,895,0,0,49,943,1,895,0,1653
Mor12_CDS_-_psbA_Mor12_length%3D186244_depth%3D1.00x_circular%3Dtrue-blatX,KC819243.1,100,892,0,0,61,952,1,892,0,1648
Mor12_CDS_-_psbA_Mor12_length%3D186244_depth%3D1.00x_circular%3Dtrue-blatX,KC819266.1,100,889,0,0,64,952,1,889,0,1642
Mor12_CDS_-_psbA_Mor12_length%3D186244_depth%3D1.00x_circular%3Dtrue-blatX,GQ917708.1,100,888,0,0,28,915,1,888,0,1640
Mor12_CDS_-_psbA_Mor12_length%3D186244_depth%3D1.00x_circular%3Dtrue-blatX,KX828393.1,100,876,0,0,65,940,876,1,0,1618
Mor12_CDS_-_psbA_Mor12_length%3D186244_depth%3D1.00x_circular%3Dtrue-blatX,KC819255.1,98.767,892,11,0,61,952,1,892,0,1587
Mor12_CDS_-_psbA_Mor12_length%3D186244_depth%3D1.00x_circular%3Dtrue-blatX,KC819250.1,98.655,892,12,0,61,952,1,892,0,1581
Mor12_CDS_-_psbA_Mor12_length%3D186244_depth%3D1.00x_circular%3Dtrue-blatX,KT807944.1,100,851,0,0,78,928,1,851,0,1572
Mor12_CDS_-_psbA_Mor12_length%3D186244_depth%3D1.00x_circular%3Dtrue-blatX,MG191375.1,96.612,915,31,0,59,973,1,915,0,1519
Nor01_CDS_-_psbA_Nor01_length%3D186244_depth%3D1.00x_circular%3Dtrue-blatX,JQ896231.1,100,895,0,0,49,943,1,895,0,1653
Nor01_CDS_-_psbA_Nor01_length%3D186244_depth%3D1.00x_circular%3Dtrue-blatX,KC819243.1,100,892,0,0,61,952,1,892,0,1648
Nor01_CDS_-_psbA_Nor01_length%3D186244_depth%3D1.00x_circular%3Dtrue-blatX,KC819266.1,100,889,0,0,64,952,1,889,0,1642
Nor01_CDS_-_psbA_Nor01_length%3D186244_depth%3D1.00x_circular%3Dtrue-blatX,GQ917708.1,100,888,0,0,28,915,1,888,0,1640
Nor01_CDS_-_psbA_Nor01_length%3D186244_depth%3D1.00x_circular%3Dtrue-blatX,KX828393.1,100,876,0,0,65,940,876,1,0,1618
Nor01_CDS_-_psbA_Nor01_length%3D186244_depth%3D1.00x_circular%3Dtrue-blatX,KC819255.1,98.767,892,11,0,61,952,1,892,0,1587
Nor01_CDS_-_psbA_Nor01_length%3D186244_depth%3D1.00x_circular%3Dtrue-blatX,KC819250.1,98.655,892,12,0,61,952,1,892,0,1581
Nor01_CDS_-_psbA_Nor01_length%3D186244_depth%3D1.00x_circular%3Dtrue-blatX,KT807944.1,100,851,0,0,78,928,1,851,0,1572
Nor01_CDS_-_psbA_Nor01_length%3D186244_depth%3D1.00x_circular%3Dtrue-blatX,MG191375.1,96.612,915,31,0,59,973,1,915,0,1519
Ons01_CDS_-_psbA_Ons01_length%3D186244_depth%3D1.00x_circular%3Dtrue-blatX,JQ896231.1,100,895,0,0,49,943,1,895,0,1653
Ons01_CDS_-_psbA_Ons01_length%3D186244_depth%3D1.00x_circular%3Dtrue-blatX,KC819243.1,100,892,0,0,61,952,1,892,0,1648
Ons01_CDS_-_psbA_Ons01_length%3D186244_depth%3D1.00x_circular%3Dtrue-blatX,KC819266.1,100,889,0,0,64,952,1,889,0,1642
Ons01_CDS_-_psbA_Ons01_length%3D186244_depth%3D1.00x_circular%3Dtrue-blatX,GQ917708.1,100,888,0,0,28,915,1,888,0,1640
Ons01_CDS_-_psbA_Ons01_length%3D186244_depth%3D1.00x_circular%3Dtrue-blatX,KX828393.1,100,876,0,0,65,940,876,1,0,1618
Ons01_CDS_-_psbA_Ons01_length%3D186244_depth%3D1.00x_circular%3Dtrue-blatX,KC819255.1,98.767,892,11,0,61,952,1,892,0,1587
Ons01_CDS_-_psbA_Ons01_length%3D186244_depth%3D1.00x_circular%3Dtrue-blatX,KC819250.1,98.655,892,12,0,61,952,1,892,0,1581
Ons01_CDS_-_psbA_Ons01_length%3D186244_depth%3D1.00x_circular%3Dtrue-blatX,KT807944.1,100,851,0,0,78,928,1,851,0,1572
Ons01_CDS_-_psbA_Ons01_length%3D186244_depth%3D1.00x_circular%3Dtrue-blatX,MG191375.1,96.612,915,31,0,59,973,1,915,0,1519
Ons02_CDS_-_psbA_Ons02_length%3D186244_depth%3D1.00x_circular%3Dtrue-blatX,JQ896231.1,100,895,0,0,49,943,1,895,0,1653
Ons02_CDS_-_psbA_Ons02_length%3D186244_depth%3D1.00x_circular%3Dtrue-blatX,KC819243.1,100,892,0,0,61,952,1,892,0,1648
Ons02_CDS_-_psbA_Ons02_length%3D186244_depth%3D1.00x_circular%3Dtrue-blatX,KC819266.1,100,889,0,0,64,952,1,889,0,1642
Ons02_CDS_-_psbA_Ons02_length%3D186244_depth%3D1.00x_circular%3Dtrue-blatX,GQ917708.1,100,888,0,0,28,915,1,888,0,1640
Ons02_CDS_-_psbA_Ons02_length%3D186244_depth%3D1.00x_circular%3Dtrue-blatX,KX828393.1,100,876,0,0,65,940,876,1,0,1618
Ons02_CDS_-_psbA_Ons02_length%3D186244_depth%3D1.00x_circular%3Dtrue-blatX,KC819255.1,98.767,892,11,0,61,952,1,892,0,1587
Ons02_CDS_-_psbA_Ons02_length%3D186244_depth%3D1.00x_circular%3Dtrue-blatX,KC819250.1,98.655,892,12,0,61,952,1,892,0,1581
Ons02_CDS_-_psbA_Ons02_length%3D186244_depth%3D1.00x_circular%3Dtrue-blatX,KT807944.1,100,851,0,0,78,928,1,851,0,1572
Ons02_CDS_-_psbA_Ons02_length%3D186244_depth%3D1.00x_circular%3Dtrue-blatX,MG191375.1,96.612,915,31,0,59,973,1,915,0,1519
Ons03_CDS_-_psbA_Ons03_length%3D186244_depth%3D1.00x_circular%3Dtrue-blatX,JQ896231.1,100,895,0,0,49,943,1,895,0,1653
Ons03_CDS_-_psbA_Ons03_length%3D186244_depth%3D1.00x_circular%3Dtrue-blatX,KC819243.1,100,892,0,0,61,952,1,892,0,1648
Ons03_CDS_-_psbA_Ons03_length%3D186244_depth%3D1.00x_circular%3Dtrue-blatX,KC819266.1,100,889,0,0,64,952,1,889,0,1642
Ons03_CDS_-_psbA_Ons03_length%3D186244_depth%3D1.00x_circular%3Dtrue-blatX,GQ917708.1,100,888,0,0,28,915,1,888,0,1640
Ons03_CDS_-_psbA_Ons03_length%3D186244_depth%3D1.00x_circular%3Dtrue-blatX,KX828393.1,100,876,0,0,65,940,876,1,0,1618
Ons03_CDS_-_psbA_Ons03_length%3D186244_depth%3D1.00x_circular%3Dtrue-blatX,KC819255.1,98.767,892,11,0,61,952,1,892,0,1587
Ons03_CDS_-_psbA_Ons03_length%3D186244_depth%3D1.00x_circular%3Dtrue-blatX,KC819250.1,98.655,892,12,0,61,952,1,892,0,1581
Ons03_CDS_-_psbA_Ons03_length%3D186244_depth%3D1.00x_circular%3Dtrue-blatX,KT807944.1,100,851,0,0,78,928,1,851,0,1572
Ons03_CDS_-_psbA_Ons03_length%3D186244_depth%3D1.00x_circular%3Dtrue-blatX,MG191375.1,96.612,915,31,0,59,973,1,915,0,1519
Ons05_CDS_-_psbA_Ons05_length%3D186244_depth%3D1.00x_circular%3Dtrue-blatX,JQ896231.1,100,895,0,0,49,943,1,895,0,1653
Ons05_CDS_-_psbA_Ons05_length%3D186244_depth%3D1.00x_circular%3Dtrue-blatX,KC819243.1,100,892,0,0,61,952,1,892,0,1648
Ons05_CDS_-_psbA_Ons05_length%3D186244_depth%3D1.00x_circular%3Dtrue-blatX,KC819266.1,100,889,0,0,64,952,1,889,0,1642
Ons05_CDS_-_psbA_Ons05_length%3D186244_depth%3D1.00x_circular%3Dtrue-blatX,GQ917708.1,100,888,0,0,28,915,1,888,0,1640
Ons05_CDS_-_psbA_Ons05_length%3D186244_depth%3D1.00x_circular%3Dtrue-blatX,KX828393.1,100,876,0,0,65,940,876,1,0,1618
Ons05_CDS_-_psbA_Ons05_length%3D186244_depth%3D1.00x_circular%3Dtrue-blatX,KC819255.1,98.767,892,11,0,61,952,1,892,0,1587
Ons05_CDS_-_psbA_Ons05_length%3D186244_depth%3D1.00x_circular%3Dtrue-blatX,KC819250.1,98.655,892,12,0,61,952,1,892,0,1581
Ons05_CDS_-_psbA_Ons05_length%3D186244_depth%3D1.00x_circular%3Dtrue-blatX,KT807944.1,100,851,0,0,78,928,1,851,0,1572
Ons05_CDS_-_psbA_Ons05_length%3D186244_depth%3D1.00x_circular%3Dtrue-blatX,MG191375.1,96.612,915,31,0,59,973,1,915,0,1519
Ons06_CDS_-_psbA_Ons06_length%3D186244_depth%3D1.00x_circular%3Dtrue-blatX,JQ896231.1,100,895,0,0,49,943,1,895,0,1653
Ons06_CDS_-_psbA_Ons06_length%3D186244_depth%3D1.00x_circular%3Dtrue-blatX,KC819243.1,100,892,0,0,61,952,1,892,0,1648
Ons06_CDS_-_psbA_Ons06_length%3D186244_depth%3D1.00x_circular%3Dtrue-blatX,KC819266.1,100,889,0,0,64,952,1,889,0,1642
Ons06_CDS_-_psbA_Ons06_length%3D186244_depth%3D1.00x_circular%3Dtrue-blatX,GQ917708.1,100,888,0,0,28,915,1,888,0,1640
Ons06_CDS_-_psbA_Ons06_length%3D186244_depth%3D1.00x_circular%3Dtrue-blatX,KX828393.1,100,876,0,0,65,940,876,1,0,1618
Ons06_CDS_-_psbA_Ons06_length%3D186244_depth%3D1.00x_circular%3Dtrue-blatX,KC819255.1,98.767,892,11,0,61,952,1,892,0,1587
Ons06_CDS_-_psbA_Ons06_length%3D186244_depth%3D1.00x_circular%3Dtrue-blatX,KC819250.1,98.655,892,12,0,61,952,1,892,0,1581
Ons06_CDS_-_psbA_Ons06_length%3D186244_depth%3D1.00x_circular%3Dtrue-blatX,KT807944.1,100,851,0,0,78,928,1,851,0,1572
Ons06_CDS_-_psbA_Ons06_length%3D186244_depth%3D1.00x_circular%3Dtrue-blatX,MG191375.1,96.612,915,31,0,59,973,1,915,0,1519
Ons07_CDS_-_psbA_Ons07_length%3D186244_depth%3D1.00x_circular%3Dtrue-blatX,JQ896231.1,100,895,0,0,49,943,1,895,0,1653
Ons07_CDS_-_psbA_Ons07_length%3D186244_depth%3D1.00x_circular%3Dtrue-blatX,KC819243.1,100,892,0,0,61,952,1,892,0,1648
Ons07_CDS_-_psbA_Ons07_length%3D186244_depth%3D1.00x_circular%3Dtrue-blatX,KC819266.1,100,889,0,0,64,952,1,889,0,1642
Ons07_CDS_-_psbA_Ons07_length%3D186244_depth%3D1.00x_circular%3Dtrue-blatX,GQ917708.1,100,888,0,0,28,915,1,888,0,1640
Ons07_CDS_-_psbA_Ons07_length%3D186244_depth%3D1.00x_circular%3Dtrue-blatX,KX828393.1,100,876,0,0,65,940,876,1,0,1618
Ons07_CDS_-_psbA_Ons07_length%3D186244_depth%3D1.00x_circular%3Dtrue-blatX,KC819255.1,98.767,892,11,0,61,952,1,892,0,1587
Ons07_CDS_-_psbA_Ons07_length%3D186244_depth%3D1.00x_circular%3Dtrue-blatX,KC819250.1,98.655,892,12,0,61,952,1,892,0,1581
Ons07_CDS_-_psbA_Ons07_length%3D186244_depth%3D1.00x_circular%3Dtrue-blatX,KT807944.1,100,851,0,0,78,928,1,851,0,1572
Ons07_CDS_-_psbA_Ons07_length%3D186244_depth%3D1.00x_circular%3Dtrue-blatX,MG191375.1,96.612,915,31,0,59,973,1,915,0,1519
Ons08_CDS_-_psbA_Ons08_length%3D186244_depth%3D1.00x_circular%3Dtrue-blatX,JQ896231.1,100,895,0,0,49,943,1,895,0,1653
Ons08_CDS_-_psbA_Ons08_length%3D186244_depth%3D1.00x_circular%3Dtrue-blatX,KC819243.1,100,892,0,0,61,952,1,892,0,1648
Ons08_CDS_-_psbA_Ons08_length%3D186244_depth%3D1.00x_circular%3Dtrue-blatX,KC819266.1,100,889,0,0,64,952,1,889,0,1642
Ons08_CDS_-_psbA_Ons08_length%3D186244_depth%3D1.00x_circular%3Dtrue-blatX,GQ917708.1,100,888,0,0,28,915,1,888,0,1640
Ons08_CDS_-_psbA_Ons08_length%3D186244_depth%3D1.00x_circular%3Dtrue-blatX,KX828393.1,100,876,0,0,65,940,876,1,0,1618
Ons08_CDS_-_psbA_Ons08_length%3D186244_depth%3D1.00x_circular%3Dtrue-blatX,KC819255.1,98.767,892,11,0,61,952,1,892,0,1587
Ons08_CDS_-_psbA_Ons08_length%3D186244_depth%3D1.00x_circular%3Dtrue-blatX,KC819250.1,98.655,892,12,0,61,952,1,892,0,1581
Ons08_CDS_-_psbA_Ons08_length%3D186244_depth%3D1.00x_circular%3Dtrue-blatX,KT807944.1,100,851,0,0,78,928,1,851,0,1572
Ons08_CDS_-_psbA_Ons08_length%3D186244_depth%3D1.00x_circular%3Dtrue-blatX,MG191375.1,96.612,915,31,0,59,973,1,915,0,1519
Ons09_CDS_-_psbA_Ons09_length%3D186244_depth%3D1.00x_circular%3Dtrue-blatX,JQ896231.1,100,895,0,0,49,943,1,895,0,1653
Ons09_CDS_-_psbA_Ons09_length%3D186244_depth%3D1.00x_circular%3Dtrue-blatX,KC819243.1,100,892,0,0,61,952,1,892,0,1648
Ons09_CDS_-_psbA_Ons09_length%3D186244_depth%3D1.00x_circular%3Dtrue-blatX,KC819266.1,100,889,0,0,64,952,1,889,0,1642
Ons09_CDS_-_psbA_Ons09_length%3D186244_depth%3D1.00x_circular%3Dtrue-blatX,GQ917708.1,100,888,0,0,28,915,1,888,0,1640
Ons09_CDS_-_psbA_Ons09_length%3D186244_depth%3D1.00x_circular%3Dtrue-blatX,KX828393.1,100,876,0,0,65,940,876,1,0,1618
Ons09_CDS_-_psbA_Ons09_length%3D186244_depth%3D1.00x_circular%3Dtrue-blatX,KC819255.1,98.767,892,11,0,61,952,1,892,0,1587
Ons09_CDS_-_psbA_Ons09_length%3D186244_depth%3D1.00x_circular%3Dtrue-blatX,KC819250.1,98.655,892,12,0,61,952,1,892,0,1581
Ons09_CDS_-_psbA_Ons09_length%3D186244_depth%3D1.00x_circular%3Dtrue-blatX,KT807944.1,100,851,0,0,78,928,1,851,0,1572
Ons09_CDS_-_psbA_Ons09_length%3D186244_depth%3D1.00x_circular%3Dtrue-blatX,MG191375.1,96.612,915,31,0,59,973,1,915,0,1519
Ons10_CDS_-_psbA_Ons10_length%3D186244_depth%3D1.00x_circular%3Dtrue-blatX,JQ896231.1,100,895,0,0,49,943,1,895,0,1653
Ons10_CDS_-_psbA_Ons10_length%3D186244_depth%3D1.00x_circular%3Dtrue-blatX,KC819243.1,100,892,0,0,61,952,1,892,0,1648
Ons10_CDS_-_psbA_Ons10_length%3D186244_depth%3D1.00x_circular%3Dtrue-blatX,KC819266.1,100,889,0,0,64,952,1,889,0,1642
Ons10_CDS_-_psbA_Ons10_length%3D186244_depth%3D1.00x_circular%3Dtrue-blatX,GQ917708.1,100,888,0,0,28,915,1,888,0,1640
Ons10_CDS_-_psbA_Ons10_length%3D186244_depth%3D1.00x_circular%3Dtrue-blatX,KX828393.1,100,876,0,0,65,940,876,1,0,1618
Ons10_CDS_-_psbA_Ons10_length%3D186244_depth%3D1.00x_circular%3Dtrue-blatX,KC819255.1,98.767,892,11,0,61,952,1,892,0,1587
Ons10_CDS_-_psbA_Ons10_length%3D186244_depth%3D1.00x_circular%3Dtrue-blatX,KC819250.1,98.655,892,12,0,61,952,1,892,0,1581
Ons10_CDS_-_psbA_Ons10_length%3D186244_depth%3D1.00x_circular%3Dtrue-blatX,KT807944.1,100,851,0,0,78,928,1,851,0,1572
Ons10_CDS_-_psbA_Ons10_length%3D186244_depth%3D1.00x_circular%3Dtrue-blatX,MG191375.1,96.612,915,31,0,59,973,1,915,0,1519
Ons11_CDS_-_psbA_Ons11_length%3D186244_depth%3D1.00x_circular%3Dtrue-blatX,JQ896231.1,100,895,0,0,49,943,1,895,0,1653
Ons11_CDS_-_psbA_Ons11_length%3D186244_depth%3D1.00x_circular%3Dtrue-blatX,KC819243.1,100,892,0,0,61,952,1,892,0,1648
Ons11_CDS_-_psbA_Ons11_length%3D186244_depth%3D1.00x_circular%3Dtrue-blatX,KC819266.1,100,889,0,0,64,952,1,889,0,1642
Ons11_CDS_-_psbA_Ons11_length%3D186244_depth%3D1.00x_circular%3Dtrue-blatX,GQ917708.1,100,888,0,0,28,915,1,888,0,1640
Ons11_CDS_-_psbA_Ons11_length%3D186244_depth%3D1.00x_circular%3Dtrue-blatX,KX828393.1,100,876,0,0,65,940,876,1,0,1618
Ons11_CDS_-_psbA_Ons11_length%3D186244_depth%3D1.00x_circular%3Dtrue-blatX,KC819255.1,98.767,892,11,0,61,952,1,892,0,1587
Ons11_CDS_-_psbA_Ons11_length%3D186244_depth%3D1.00x_circular%3Dtrue-blatX,KC819250.1,98.655,892,12,0,61,952,1,892,0,1581
Ons11_CDS_-_psbA_Ons11_length%3D186244_depth%3D1.00x_circular%3Dtrue-blatX,KT807944.1,100,851,0,0,78,928,1,851,0,1572
Ons11_CDS_-_psbA_Ons11_length%3D186244_depth%3D1.00x_circular%3Dtrue-blatX,MG191375.1,96.612,915,31,0,59,973,1,915,0,1519
Ons12_CDS_-_psbA_Ons12_length%3D186244_depth%3D1.00x_circular%3Dtrue-blatX,JQ896231.1,100,895,0,0,49,943,1,895,0,1653
Ons12_CDS_-_psbA_Ons12_length%3D186244_depth%3D1.00x_circular%3Dtrue-blatX,KC819243.1,100,892,0,0,61,952,1,892,0,1648
Ons12_CDS_-_psbA_Ons12_length%3D186244_depth%3D1.00x_circular%3Dtrue-blatX,KC819266.1,100,889,0,0,64,952,1,889,0,1642
Ons12_CDS_-_psbA_Ons12_length%3D186244_depth%3D1.00x_circular%3Dtrue-blatX,GQ917708.1,100,888,0,0,28,915,1,888,0,1640
Ons12_CDS_-_psbA_Ons12_length%3D186244_depth%3D1.00x_circular%3Dtrue-blatX,KX828393.1,100,876,0,0,65,940,876,1,0,1618
Ons12_CDS_-_psbA_Ons12_length%3D186244_depth%3D1.00x_circular%3Dtrue-blatX,KC819255.1,98.767,892,11,0,61,952,1,892,0,1587
Ons12_CDS_-_psbA_Ons12_length%3D186244_depth%3D1.00x_circular%3Dtrue-blatX,KC819250.1,98.655,892,12,0,61,952,1,892,0,1581
Ons12_CDS_-_psbA_Ons12_length%3D186244_depth%3D1.00x_circular%3Dtrue-blatX,KT807944.1,100,851,0,0,78,928,1,851,0,1572
Ons12_CDS_-_psbA_Ons12_length%3D186244_depth%3D1.00x_circular%3Dtrue-blatX,MG191375.1,96.612,915,31,0,59,973,1,915,0,1519
Roc01_CDS_-_psbA_Roc01_length%3D186244_depth%3D1.00x_circular%3Dtrue-blatX,JQ896231.1,100,895,0,0,49,943,1,895,0,1653
Roc01_CDS_-_psbA_Roc01_length%3D186244_depth%3D1.00x_circular%3Dtrue-blatX,KC819243.1,100,892,0,0,61,952,1,892,0,1648
Roc01_CDS_-_psbA_Roc01_length%3D186244_depth%3D1.00x_circular%3Dtrue-blatX,KC819266.1,100,889,0,0,64,952,1,889,0,1642
Roc01_CDS_-_psbA_Roc01_length%3D186244_depth%3D1.00x_circular%3Dtrue-blatX,GQ917708.1,100,888,0,0,28,915,1,888,0,1640
Roc01_CDS_-_psbA_Roc01_length%3D186244_depth%3D1.00x_circular%3Dtrue-blatX,KX828393.1,100,876,0,0,65,940,876,1,0,1618
Roc01_CDS_-_psbA_Roc01_length%3D186244_depth%3D1.00x_circular%3Dtrue-blatX,KC819255.1,98.767,892,11,0,61,952,1,892,0,1587
Roc01_CDS_-_psbA_Roc01_length%3D186244_depth%3D1.00x_circular%3Dtrue-blatX,KC819250.1,98.655,892,12,0,61,952,1,892,0,1581
Roc01_CDS_-_psbA_Roc01_length%3D186244_depth%3D1.00x_circular%3Dtrue-blatX,KT807944.1,100,851,0,0,78,928,1,851,0,1572
Roc01_CDS_-_psbA_Roc01_length%3D186244_depth%3D1.00x_circular%3Dtrue-blatX,MG191375.1,96.612,915,31,0,59,973,1,915,0,1519
Roc02_CDS_-_psbA_Roc02_length%3D186244_depth%3D1.00x_circular%3Dtrue-blatX,JQ896231.1,100,895,0,0,49,943,1,895,0,1653
Roc02_CDS_-_psbA_Roc02_length%3D186244_depth%3D1.00x_circular%3Dtrue-blatX,KC819243.1,100,892,0,0,61,952,1,892,0,1648
Roc02_CDS_-_psbA_Roc02_length%3D186244_depth%3D1.00x_circular%3Dtrue-blatX,KC819266.1,100,889,0,0,64,952,1,889,0,1642
Roc02_CDS_-_psbA_Roc02_length%3D186244_depth%3D1.00x_circular%3Dtrue-blatX,GQ917708.1,100,888,0,0,28,915,1,888,0,1640
Roc02_CDS_-_psbA_Roc02_length%3D186244_depth%3D1.00x_circular%3Dtrue-blatX,KX828393.1,100,876,0,0,65,940,876,1,0,1618
Roc02_CDS_-_psbA_Roc02_length%3D186244_depth%3D1.00x_circular%3Dtrue-blatX,KC819255.1,98.767,892,11,0,61,952,1,892,0,1587
Roc02_CDS_-_psbA_Roc02_length%3D186244_depth%3D1.00x_circular%3Dtrue-blatX,KC819250.1,98.655,892,12,0,61,952,1,892,0,1581
Roc02_CDS_-_psbA_Roc02_length%3D186244_depth%3D1.00x_circular%3Dtrue-blatX,KT807944.1,100,851,0,0,78,928,1,851,0,1572
Roc02_CDS_-_psbA_Roc02_length%3D186244_depth%3D1.00x_circular%3Dtrue-blatX,MG191375.1,96.612,915,31,0,59,973,1,915,0,1519
Tre01_CDS_-_psbA_Tre01_length%3D186244_depth%3D1.00x_circular%3Dtrue-blatX,JQ896231.1,100,895,0,0,49,943,1,895,0,1653
Tre01_CDS_-_psbA_Tre01_length%3D186244_depth%3D1.00x_circular%3Dtrue-blatX,KC819243.1,100,892,0,0,61,952,1,892,0,1648
Tre01_CDS_-_psbA_Tre01_length%3D186244_depth%3D1.00x_circular%3Dtrue-blatX,KC819266.1,100,889,0,0,64,952,1,889,0,1642
Tre01_CDS_-_psbA_Tre01_length%3D186244_depth%3D1.00x_circular%3Dtrue-blatX,GQ917708.1,100,888,0,0,28,915,1,888,0,1640
Tre01_CDS_-_psbA_Tre01_length%3D186244_depth%3D1.00x_circular%3Dtrue-blatX,KX828393.1,100,876,0,0,65,940,876,1,0,1618
Tre01_CDS_-_psbA_Tre01_length%3D186244_depth%3D1.00x_circular%3Dtrue-blatX,KC819255.1,98.767,892,11,0,61,952,1,892,0,1587
Tre01_CDS_-_psbA_Tre01_length%3D186244_depth%3D1.00x_circular%3Dtrue-blatX,KC819250.1,98.655,892,12,0,61,952,1,892,0,1581
Tre01_CDS_-_psbA_Tre01_length%3D186244_depth%3D1.00x_circular%3Dtrue-blatX,KT807944.1,100,851,0,0,78,928,1,851,0,1572
Tre01_CDS_-_psbA_Tre01_length%3D186244_depth%3D1.00x_circular%3Dtrue-blatX,MG191375.1,96.612,915,31,0,59,973,1,915,0,1519
Tre02_CDS_-_psbA_Tre02_length%3D186244_depth%3D1.00x_circular%3Dtrue-blatX,JQ896231.1,100,895,0,0,49,943,1,895,0,1653
Tre02_CDS_-_psbA_Tre02_length%3D186244_depth%3D1.00x_circular%3Dtrue-blatX,KC819243.1,100,892,0,0,61,952,1,892,0,1648
Tre02_CDS_-_psbA_Tre02_length%3D186244_depth%3D1.00x_circular%3Dtrue-blatX,KC819266.1,100,889,0,0,64,952,1,889,0,1642
Tre02_CDS_-_psbA_Tre02_length%3D186244_depth%3D1.00x_circular%3Dtrue-blatX,GQ917708.1,100,888,0,0,28,915,1,888,0,1640
Tre02_CDS_-_psbA_Tre02_length%3D186244_depth%3D1.00x_circular%3Dtrue-blatX,KX828393.1,100,876,0,0,65,940,876,1,0,1618
Tre02_CDS_-_psbA_Tre02_length%3D186244_depth%3D1.00x_circular%3Dtrue-blatX,KC819255.1,98.767,892,11,0,61,952,1,892,0,1587
Tre02_CDS_-_psbA_Tre02_length%3D186244_depth%3D1.00x_circular%3Dtrue-blatX,KC819250.1,98.655,892,12,0,61,952,1,892,0,1581
Tre02_CDS_-_psbA_Tre02_length%3D186244_depth%3D1.00x_circular%3Dtrue-blatX,KT807944.1,100,851,0,0,78,928,1,851,0,1572
Tre02_CDS_-_psbA_Tre02_length%3D186244_depth%3D1.00x_circular%3Dtrue-blatX,MG191375.1,96.612,915,31,0,59,973,1,915,0,1519
Tre03_CDS_-_psbA_Tre03_length%3D186244_depth%3D1.00x_circular%3Dtrue-blatX,JQ896231.1,100,895,0,0,49,943,1,895,0,1653
Tre03_CDS_-_psbA_Tre03_length%3D186244_depth%3D1.00x_circular%3Dtrue-blatX,KC819243.1,100,892,0,0,61,952,1,892,0,1648
Tre03_CDS_-_psbA_Tre03_length%3D186244_depth%3D1.00x_circular%3Dtrue-blatX,KC819266.1,100,889,0,0,64,952,1,889,0,1642
Tre03_CDS_-_psbA_Tre03_length%3D186244_depth%3D1.00x_circular%3Dtrue-blatX,GQ917708.1,100,888,0,0,28,915,1,888,0,1640
Tre03_CDS_-_psbA_Tre03_length%3D186244_depth%3D1.00x_circular%3Dtrue-blatX,KX828393.1,100,876,0,0,65,940,876,1,0,1618
Tre03_CDS_-_psbA_Tre03_length%3D186244_depth%3D1.00x_circular%3Dtrue-blatX,KC819255.1,98.767,892,11,0,61,952,1,892,0,1587
Tre03_CDS_-_psbA_Tre03_length%3D186244_depth%3D1.00x_circular%3Dtrue-blatX,KC819250.1,98.655,892,12,0,61,952,1,892,0,1581
Tre03_CDS_-_psbA_Tre03_length%3D186244_depth%3D1.00x_circular%3Dtrue-blatX,KT807944.1,100,851,0,0,78,928,1,851,0,1572
Tre03_CDS_-_psbA_Tre03_length%3D186244_depth%3D1.00x_circular%3Dtrue-blatX,MG191375.1,96.612,915,31,0,59,973,1,915,0,1519
Tre04_CDS_-_psbA_Tre04_length%3D186244_depth%3D1.00x_circular%3Dtrue-blatX,JQ896231.1,100,895,0,0,49,943,1,895,0,1653
Tre04_CDS_-_psbA_Tre04_length%3D186244_depth%3D1.00x_circular%3Dtrue-blatX,KC819243.1,100,892,0,0,61,952,1,892,0,1648
Tre04_CDS_-_psbA_Tre04_length%3D186244_depth%3D1.00x_circular%3Dtrue-blatX,KC819266.1,100,889,0,0,64,952,1,889,0,1642
Tre04_CDS_-_psbA_Tre04_length%3D186244_depth%3D1.00x_circular%3Dtrue-blatX,GQ917708.1,100,888,0,0,28,915,1,888,0,1640
Tre04_CDS_-_psbA_Tre04_length%3D186244_depth%3D1.00x_circular%3Dtrue-blatX,KX828393.1,100,876,0,0,65,940,876,1,0,1618
Tre04_CDS_-_psbA_Tre04_length%3D186244_depth%3D1.00x_circular%3Dtrue-blatX,KC819255.1,98.767,892,11,0,61,952,1,892,0,1587
Tre04_CDS_-_psbA_Tre04_length%3D186244_depth%3D1.00x_circular%3Dtrue-blatX,KC819250.1,98.655,892,12,0,61,952,1,892,0,1581
Tre04_CDS_-_psbA_Tre04_length%3D186244_depth%3D1.00x_circular%3Dtrue-blatX,KT807944.1,100,851,0,0,78,928,1,851,0,1572
Tre04_CDS_-_psbA_Tre04_length%3D186244_depth%3D1.00x_circular%3Dtrue-blatX,MG191375.1,96.612,915,31,0,59,973,1,915,0,1519
Tre05_CDS_-_psbA_Tre05_length%3D186244_depth%3D1.00x_circular%3Dtrue-blatX,JQ896231.1,100,895,0,0,49,943,1,895,0,1653
Tre05_CDS_-_psbA_Tre05_length%3D186244_depth%3D1.00x_circular%3Dtrue-blatX,KC819243.1,100,892,0,0,61,952,1,892,0,1648
Tre05_CDS_-_psbA_Tre05_length%3D186244_depth%3D1.00x_circular%3Dtrue-blatX,KC819266.1,100,889,0,0,64,952,1,889,0,1642
Tre05_CDS_-_psbA_Tre05_length%3D186244_depth%3D1.00x_circular%3Dtrue-blatX,GQ917708.1,100,888,0,0,28,915,1,888,0,1640
Tre05_CDS_-_psbA_Tre05_length%3D186244_depth%3D1.00x_circular%3Dtrue-blatX,KX828393.1,100,876,0,0,65,940,876,1,0,1618
Tre05_CDS_-_psbA_Tre05_length%3D186244_depth%3D1.00x_circular%3Dtrue-blatX,KC819255.1,98.767,892,11,0,61,952,1,892,0,1587
Tre05_CDS_-_psbA_Tre05_length%3D186244_depth%3D1.00x_circular%3Dtrue-blatX,KC819250.1,98.655,892,12,0,61,952,1,892,0,1581
Tre05_CDS_-_psbA_Tre05_length%3D186244_depth%3D1.00x_circular%3Dtrue-blatX,KT807944.1,100,851,0,0,78,928,1,851,0,1572
Tre05_CDS_-_psbA_Tre05_length%3D186244_depth%3D1.00x_circular%3Dtrue-blatX,MG191375.1,96.612,915,31,0,59,973,1,915,0,1519
Tre07_CDS_-_psbA_Tre07_length%3D186244_depth%3D1.00x_circular%3Dtrue-blatX,JQ896231.1,100,895,0,0,49,943,1,895,0,1653
Tre07_CDS_-_psbA_Tre07_length%3D186244_depth%3D1.00x_circular%3Dtrue-blatX,KC819243.1,100,892,0,0,61,952,1,892,0,1648
Tre07_CDS_-_psbA_Tre07_length%3D186244_depth%3D1.00x_circular%3Dtrue-blatX,KC819266.1,100,889,0,0,64,952,1,889,0,1642
Tre07_CDS_-_psbA_Tre07_length%3D186244_depth%3D1.00x_circular%3Dtrue-blatX,GQ917708.1,100,888,0,0,28,915,1,888,0,1640
Tre07_CDS_-_psbA_Tre07_length%3D186244_depth%3D1.00x_circular%3Dtrue-blatX,KX828393.1,100,876,0,0,65,940,876,1,0,1618
Tre07_CDS_-_psbA_Tre07_length%3D186244_depth%3D1.00x_circular%3Dtrue-blatX,KC819255.1,98.767,892,11,0,61,952,1,892,0,1587
Tre07_CDS_-_psbA_Tre07_length%3D186244_depth%3D1.00x_circular%3Dtrue-blatX,KC819250.1,98.655,892,12,0,61,952,1,892,0,1581
Tre07_CDS_-_psbA_Tre07_length%3D186244_depth%3D1.00x_circular%3Dtrue-blatX,KT807944.1,100,851,0,0,78,928,1,851,0,1572
Tre07_CDS_-_psbA_Tre07_length%3D186244_depth%3D1.00x_circular%3Dtrue-blatX,MG191375.1,96.612,915,31,0,59,973,1,915,0,1519
Tre08_CDS_-_psbA_Tre08_length%3D186244_depth%3D1.00x_circular%3Dtrue-blatX,JQ896231.1,100,895,0,0,49,943,1,895,0,1653
Tre08_CDS_-_psbA_Tre08_length%3D186244_depth%3D1.00x_circular%3Dtrue-blatX,KC819243.1,100,892,0,0,61,952,1,892,0,1648
Tre08_CDS_-_psbA_Tre08_length%3D186244_depth%3D1.00x_circular%3Dtrue-blatX,KC819266.1,100,889,0,0,64,952,1,889,0,1642
Tre08_CDS_-_psbA_Tre08_length%3D186244_depth%3D1.00x_circular%3Dtrue-blatX,GQ917708.1,100,888,0,0,28,915,1,888,0,1640
Tre08_CDS_-_psbA_Tre08_length%3D186244_depth%3D1.00x_circular%3Dtrue-blatX,KX828393.1,100,876,0,0,65,940,876,1,0,1618
Tre08_CDS_-_psbA_Tre08_length%3D186244_depth%3D1.00x_circular%3Dtrue-blatX,KC819255.1,98.767,892,11,0,61,952,1,892,0,1587
Tre08_CDS_-_psbA_Tre08_length%3D186244_depth%3D1.00x_circular%3Dtrue-blatX,KC819250.1,98.655,892,12,0,61,952,1,892,0,1581
Tre08_CDS_-_psbA_Tre08_length%3D186244_depth%3D1.00x_circular%3Dtrue-blatX,KT807944.1,100,851,0,0,78,928,1,851,0,1572
Tre08_CDS_-_psbA_Tre08_length%3D186244_depth%3D1.00x_circular%3Dtrue-blatX,MG191375.1,96.612,915,31,0,59,973,1,915,0,1519
Tre09_CDS_-_psbA_Tre09_length%3D186244_depth%3D1.00x_circular%3Dtrue-blatX,JQ896231.1,100,895,0,0,49,943,1,895,0,1653
Tre09_CDS_-_psbA_Tre09_length%3D186244_depth%3D1.00x_circular%3Dtrue-blatX,KC819243.1,100,892,0,0,61,952,1,892,0,1648
Tre09_CDS_-_psbA_Tre09_length%3D186244_depth%3D1.00x_circular%3Dtrue-blatX,KC819266.1,100,889,0,0,64,952,1,889,0,1642
Tre09_CDS_-_psbA_Tre09_length%3D186244_depth%3D1.00x_circular%3Dtrue-blatX,GQ917708.1,100,888,0,0,28,915,1,888,0,1640
Tre09_CDS_-_psbA_Tre09_length%3D186244_depth%3D1.00x_circular%3Dtrue-blatX,KX828393.1,100,876,0,0,65,940,876,1,0,1618
Tre09_CDS_-_psbA_Tre09_length%3D186244_depth%3D1.00x_circular%3Dtrue-blatX,KC819255.1,98.767,892,11,0,61,952,1,892,0,1587
Tre09_CDS_-_psbA_Tre09_length%3D186244_depth%3D1.00x_circular%3Dtrue-blatX,KC819250.1,98.655,892,12,0,61,952,1,892,0,1581
Tre09_CDS_-_psbA_Tre09_length%3D186244_depth%3D1.00x_circular%3Dtrue-blatX,KT807944.1,100,851,0,0,78,928,1,851,0,1572
Tre09_CDS_-_psbA_Tre09_length%3D186244_depth%3D1.00x_circular%3Dtrue-blatX,MG191375.1,96.612,915,31,0,59,973,1,915,0,1519
Tre10_CDS_-_psbA_Tre10_length%3D186244_depth%3D1.00x_circular%3Dtrue-blatX,JQ896231.1,100,895,0,0,49,943,1,895,0,1653
Tre10_CDS_-_psbA_Tre10_length%3D186244_depth%3D1.00x_circular%3Dtrue-blatX,KC819243.1,100,892,0,0,61,952,1,892,0,1648
Tre10_CDS_-_psbA_Tre10_length%3D186244_depth%3D1.00x_circular%3Dtrue-blatX,KC819266.1,100,889,0,0,64,952,1,889,0,1642
Tre10_CDS_-_psbA_Tre10_length%3D186244_depth%3D1.00x_circular%3Dtrue-blatX,GQ917708.1,100,888,0,0,28,915,1,888,0,1640
Tre10_CDS_-_psbA_Tre10_length%3D186244_depth%3D1.00x_circular%3Dtrue-blatX,KX828393.1,100,876,0,0,65,940,876,1,0,1618
Tre10_CDS_-_psbA_Tre10_length%3D186244_depth%3D1.00x_circular%3Dtrue-blatX,KC819255.1,98.767,892,11,0,61,952,1,892,0,1587
Tre10_CDS_-_psbA_Tre10_length%3D186244_depth%3D1.00x_circular%3Dtrue-blatX,KC819250.1,98.655,892,12,0,61,952,1,892,0,1581
Tre10_CDS_-_psbA_Tre10_length%3D186244_depth%3D1.00x_circular%3Dtrue-blatX,KT807944.1,100,851,0,0,78,928,1,851,0,1572
Tre10_CDS_-_psbA_Tre10_length%3D186244_depth%3D1.00x_circular%3Dtrue-blatX,MG191375.1,96.612,915,31,0,59,973,1,915,0,1519
Zar01_CDS_-_psbA_Zar01_length%3D186244_depth%3D1.00x_circular%3Dtrue-blatX,JQ896231.1,100,895,0,0,49,943,1,895,0,1653
Zar01_CDS_-_psbA_Zar01_length%3D186244_depth%3D1.00x_circular%3Dtrue-blatX,KC819243.1,100,892,0,0,61,952,1,892,0,1648
Zar01_CDS_-_psbA_Zar01_length%3D186244_depth%3D1.00x_circular%3Dtrue-blatX,KC819266.1,100,889,0,0,64,952,1,889,0,1642
Zar01_CDS_-_psbA_Zar01_length%3D186244_depth%3D1.00x_circular%3Dtrue-blatX,GQ917708.1,100,888,0,0,28,915,1,888,0,1640
Zar01_CDS_-_psbA_Zar01_length%3D186244_depth%3D1.00x_circular%3Dtrue-blatX,KX828393.1,100,876,0,0,65,940,876,1,0,1618
Zar01_CDS_-_psbA_Zar01_length%3D186244_depth%3D1.00x_circular%3Dtrue-blatX,KC819255.1,98.767,892,11,0,61,952,1,892,0,1587
Zar01_CDS_-_psbA_Zar01_length%3D186244_depth%3D1.00x_circular%3Dtrue-blatX,KC819250.1,98.655,892,12,0,61,952,1,892,0,1581
Zar01_CDS_-_psbA_Zar01_length%3D186244_depth%3D1.00x_circular%3Dtrue-blatX,KT807944.1,100,851,0,0,78,928,1,851,0,1572
Zar01_CDS_-_psbA_Zar01_length%3D186244_depth%3D1.00x_circular%3Dtrue-blatX,MG191375.1,96.612,915,31,0,59,973,1,915,0,1519
Zar02_CDS_-_psbA_Zar02_length%3D186244_depth%3D1.00x_circular%3Dtrue-blatX,JQ896231.1,100,895,0,0,49,943,1,895,0,1653
Zar02_CDS_-_psbA_Zar02_length%3D186244_depth%3D1.00x_circular%3Dtrue-blatX,KC819243.1,100,892,0,0,61,952,1,892,0,1648
Zar02_CDS_-_psbA_Zar02_length%3D186244_depth%3D1.00x_circular%3Dtrue-blatX,KC819266.1,100,889,0,0,64,952,1,889,0,1642
Zar02_CDS_-_psbA_Zar02_length%3D186244_depth%3D1.00x_circular%3Dtrue-blatX,GQ917708.1,100,888,0,0,28,915,1,888,0,1640
Zar02_CDS_-_psbA_Zar02_length%3D186244_depth%3D1.00x_circular%3Dtrue-blatX,KX828393.1,100,876,0,0,65,940,876,1,0,1618
Zar02_CDS_-_psbA_Zar02_length%3D186244_depth%3D1.00x_circular%3Dtrue-blatX,KC819255.1,98.767,892,11,0,61,952,1,892,0,1587
Zar02_CDS_-_psbA_Zar02_length%3D186244_depth%3D1.00x_circular%3Dtrue-blatX,KC819250.1,98.655,892,12,0,61,952,1,892,0,1581
Zar02_CDS_-_psbA_Zar02_length%3D186244_depth%3D1.00x_circular%3Dtrue-blatX,KT807944.1,100,851,0,0,78,928,1,851,0,1572
Zar02_CDS_-_psbA_Zar02_length%3D186244_depth%3D1.00x_circular%3Dtrue-blatX,MG191375.1,96.612,915,31,0,59,973,1,915,0,1519
Zar03_CDS_-_psbA_Zar03_length%3D186244_depth%3D1.00x_circular%3Dtrue-blatX,JQ896231.1,100,895,0,0,49,943,1,895,0,1653
Zar03_CDS_-_psbA_Zar03_length%3D186244_depth%3D1.00x_circular%3Dtrue-blatX,KC819243.1,100,892,0,0,61,952,1,892,0,1648
Zar03_CDS_-_psbA_Zar03_length%3D186244_depth%3D1.00x_circular%3Dtrue-blatX,KC819266.1,100,889,0,0,64,952,1,889,0,1642
Zar03_CDS_-_psbA_Zar03_length%3D186244_depth%3D1.00x_circular%3Dtrue-blatX,GQ917708.1,100,888,0,0,28,915,1,888,0,1640
Zar03_CDS_-_psbA_Zar03_length%3D186244_depth%3D1.00x_circular%3Dtrue-blatX,KX828393.1,100,876,0,0,65,940,876,1,0,1618
Zar03_CDS_-_psbA_Zar03_length%3D186244_depth%3D1.00x_circular%3Dtrue-blatX,KC819255.1,98.767,892,11,0,61,952,1,892,0,1587
Zar03_CDS_-_psbA_Zar03_length%3D186244_depth%3D1.00x_circular%3Dtrue-blatX,KC819250.1,98.655,892,12,0,61,952,1,892,0,1581
Zar03_CDS_-_psbA_Zar03_length%3D186244_depth%3D1.00x_circular%3Dtrue-blatX,KT807944.1,100,851,0,0,78,928,1,851,0,1572
Zar03_CDS_-_psbA_Zar03_length%3D186244_depth%3D1.00x_circular%3Dtrue-blatX,MG191375.1,96.612,915,31,0,59,973,1,915,0,1519
Zar04_CDS_-_psbA_Zar04_length%3D186244_depth%3D1.00x_circular%3Dtrue-blatX,JQ896231.1,100,895,0,0,49,943,1,895,0,1653
Zar04_CDS_-_psbA_Zar04_length%3D186244_depth%3D1.00x_circular%3Dtrue-blatX,KC819243.1,100,892,0,0,61,952,1,892,0,1648
Zar04_CDS_-_psbA_Zar04_length%3D186244_depth%3D1.00x_circular%3Dtrue-blatX,KC819266.1,100,889,0,0,64,952,1,889,0,1642
Zar04_CDS_-_psbA_Zar04_length%3D186244_depth%3D1.00x_circular%3Dtrue-blatX,GQ917708.1,100,888,0,0,28,915,1,888,0,1640
Zar04_CDS_-_psbA_Zar04_length%3D186244_depth%3D1.00x_circular%3Dtrue-blatX,KX828393.1,100,876,0,0,65,940,876,1,0,1618
Zar04_CDS_-_psbA_Zar04_length%3D186244_depth%3D1.00x_circular%3Dtrue-blatX,KC819255.1,98.767,892,11,0,61,952,1,892,0,1587
Zar04_CDS_-_psbA_Zar04_length%3D186244_depth%3D1.00x_circular%3Dtrue-blatX,KC819250.1,98.655,892,12,0,61,952,1,892,0,1581
Zar04_CDS_-_psbA_Zar04_length%3D186244_depth%3D1.00x_circular%3Dtrue-blatX,KT807944.1,100,851,0,0,78,928,1,851,0,1572
Zar04_CDS_-_psbA_Zar04_length%3D186244_depth%3D1.00x_circular%3Dtrue-blatX,MG191375.1,96.612,915,31,0,59,973,1,915,0,1519
Zar05_CDS_-_psbA_Zar05_length%3D186244_depth%3D1.00x_circular%3Dtrue-blatX,JQ896231.1,100,895,0,0,49,943,1,895,0,1653
Zar05_CDS_-_psbA_Zar05_length%3D186244_depth%3D1.00x_circular%3Dtrue-blatX,KC819243.1,100,892,0,0,61,952,1,892,0,1648
Zar05_CDS_-_psbA_Zar05_length%3D186244_depth%3D1.00x_circular%3Dtrue-blatX,KC819266.1,100,889,0,0,64,952,1,889,0,1642
Zar05_CDS_-_psbA_Zar05_length%3D186244_depth%3D1.00x_circular%3Dtrue-blatX,GQ917708.1,100,888,0,0,28,915,1,888,0,1640
Zar05_CDS_-_psbA_Zar05_length%3D186244_depth%3D1.00x_circular%3Dtrue-blatX,KX828393.1,100,876,0,0,65,940,876,1,0,1618
Zar05_CDS_-_psbA_Zar05_length%3D186244_depth%3D1.00x_circular%3Dtrue-blatX,KC819255.1,98.767,892,11,0,61,952,1,892,0,1587
Zar05_CDS_-_psbA_Zar05_length%3D186244_depth%3D1.00x_circular%3Dtrue-blatX,KC819250.1,98.655,892,12,0,61,952,1,892,0,1581
Zar05_CDS_-_psbA_Zar05_length%3D186244_depth%3D1.00x_circular%3Dtrue-blatX,KT807944.1,100,851,0,0,78,928,1,851,0,1572
Zar05_CDS_-_psbA_Zar05_length%3D186244_depth%3D1.00x_circular%3Dtrue-blatX,MG191375.1,96.612,915,31,0,59,973,1,915,0,1519
Zar06_CDS_-_psbA_Zar06_length%3D186244_depth%3D1.00x_circular%3Dtrue-blatX,JQ896231.1,100,895,0,0,49,943,1,895,0,1653
Zar06_CDS_-_psbA_Zar06_length%3D186244_depth%3D1.00x_circular%3Dtrue-blatX,KC819243.1,100,892,0,0,61,952,1,892,0,1648
Zar06_CDS_-_psbA_Zar06_length%3D186244_depth%3D1.00x_circular%3Dtrue-blatX,KC819266.1,100,889,0,0,64,952,1,889,0,1642
Zar06_CDS_-_psbA_Zar06_length%3D186244_depth%3D1.00x_circular%3Dtrue-blatX,GQ917708.1,100,888,0,0,28,915,1,888,0,1640
Zar06_CDS_-_psbA_Zar06_length%3D186244_depth%3D1.00x_circular%3Dtrue-blatX,KX828393.1,100,876,0,0,65,940,876,1,0,1618
Zar06_CDS_-_psbA_Zar06_length%3D186244_depth%3D1.00x_circular%3Dtrue-blatX,KC819255.1,98.767,892,11,0,61,952,1,892,0,1587
Zar06_CDS_-_psbA_Zar06_length%3D186244_depth%3D1.00x_circular%3Dtrue-blatX,KC819250.1,98.655,892,12,0,61,952,1,892,0,1581
Zar06_CDS_-_psbA_Zar06_length%3D186244_depth%3D1.00x_circular%3Dtrue-blatX,KT807944.1,100,851,0,0,78,928,1,851,0,1572
Zar06_CDS_-_psbA_Zar06_length%3D186244_depth%3D1.00x_circular%3Dtrue-blatX,MG191375.1,96.612,915,31,0,59,973,1,915,0,1519
Zar07_CDS_-_psbA_Zar07_length%3D186244_depth%3D1.00x_circular%3Dtrue-blatX,JQ896231.1,100,895,0,0,49,943,1,895,0,1653
Zar07_CDS_-_psbA_Zar07_length%3D186244_depth%3D1.00x_circular%3Dtrue-blatX,KC819243.1,100,892,0,0,61,952,1,892,0,1648
Zar07_CDS_-_psbA_Zar07_length%3D186244_depth%3D1.00x_circular%3Dtrue-blatX,KC819266.1,100,889,0,0,64,952,1,889,0,1642
Zar07_CDS_-_psbA_Zar07_length%3D186244_depth%3D1.00x_circular%3Dtrue-blatX,GQ917708.1,100,888,0,0,28,915,1,888,0,1640
Zar07_CDS_-_psbA_Zar07_length%3D186244_depth%3D1.00x_circular%3Dtrue-blatX,KX828393.1,100,876,0,0,65,940,876,1,0,1618
Zar07_CDS_-_psbA_Zar07_length%3D186244_depth%3D1.00x_circular%3Dtrue-blatX,KC819255.1,98.767,892,11,0,61,952,1,892,0,1587
Zar07_CDS_-_psbA_Zar07_length%3D186244_depth%3D1.00x_circular%3Dtrue-blatX,KC819250.1,98.655,892,12,0,61,952,1,892,0,1581
Zar07_CDS_-_psbA_Zar07_length%3D186244_depth%3D1.00x_circular%3Dtrue-blatX,KT807944.1,100,851,0,0,78,928,1,851,0,1572
Zar07_CDS_-_psbA_Zar07_length%3D186244_depth%3D1.00x_circular%3Dtrue-blatX,MG191375.1,96.612,915,31,0,59,973,1,915,0,1519
Zar08_CDS_-_psbA_Zar08_length%3D186244_depth%3D1.00x_circular%3Dtrue-blatX,JQ896231.1,100,895,0,0,49,943,1,895,0,1653
Zar08_CDS_-_psbA_Zar08_length%3D186244_depth%3D1.00x_circular%3Dtrue-blatX,KC819243.1,100,892,0,0,61,952,1,892,0,1648
Zar08_CDS_-_psbA_Zar08_length%3D186244_depth%3D1.00x_circular%3Dtrue-blatX,KC819266.1,100,889,0,0,64,952,1,889,0,1642
Zar08_CDS_-_psbA_Zar08_length%3D186244_depth%3D1.00x_circular%3Dtrue-blatX,GQ917708.1,100,888,0,0,28,915,1,888,0,1640
Zar08_CDS_-_psbA_Zar08_length%3D186244_depth%3D1.00x_circular%3Dtrue-blatX,KX828393.1,100,876,0,0,65,940,876,1,0,1618
Zar08_CDS_-_psbA_Zar08_length%3D186244_depth%3D1.00x_circular%3Dtrue-blatX,KC819255.1,98.767,892,11,0,61,952,1,892,0,1587
Zar08_CDS_-_psbA_Zar08_length%3D186244_depth%3D1.00x_circular%3Dtrue-blatX,KC819250.1,98.655,892,12,0,61,952,1,892,0,1581
Zar08_CDS_-_psbA_Zar08_length%3D186244_depth%3D1.00x_circular%3Dtrue-blatX,KT807944.1,100,851,0,0,78,928,1,851,0,1572
Zar08_CDS_-_psbA_Zar08_length%3D186244_depth%3D1.00x_circular%3Dtrue-blatX,MG191375.1,96.612,915,31,0,59,973,1,915,0,1519
Zar10_CDS_-_psbA_Zar10_length%3D186251_depth%3D1.00x_circular%3Dtrue-blatX,JQ896231.1,100,895,0,0,49,943,1,895,0,1653
Zar10_CDS_-_psbA_Zar10_length%3D186251_depth%3D1.00x_circular%3Dtrue-blatX,KC819243.1,100,892,0,0,61,952,1,892,0,1648
Zar10_CDS_-_psbA_Zar10_length%3D186251_depth%3D1.00x_circular%3Dtrue-blatX,KC819266.1,100,889,0,0,64,952,1,889,0,1642
Zar10_CDS_-_psbA_Zar10_length%3D186251_depth%3D1.00x_circular%3Dtrue-blatX,GQ917708.1,100,888,0,0,28,915,1,888,0,1640
Zar10_CDS_-_psbA_Zar10_length%3D186251_depth%3D1.00x_circular%3Dtrue-blatX,KX828393.1,100,876,0,0,65,940,876,1,0,1618
Zar10_CDS_-_psbA_Zar10_length%3D186251_depth%3D1.00x_circular%3Dtrue-blatX,KC819255.1,98.767,892,11,0,61,952,1,892,0,1587
Zar10_CDS_-_psbA_Zar10_length%3D186251_depth%3D1.00x_circular%3Dtrue-blatX,KC819250.1,98.655,892,12,0,61,952,1,892,0,1581
Zar10_CDS_-_psbA_Zar10_length%3D186251_depth%3D1.00x_circular%3Dtrue-blatX,KT807944.1,100,851,0,0,78,928,1,851,0,1572
Zar10_CDS_-_psbA_Zar10_length%3D186251_depth%3D1.00x_circular%3Dtrue-blatX,MG191375.1,96.612,915,31,0,59,973,1,915,0,1519
Zar11_CDS_-_psbA_Zar11_length%3D186244_depth%3D1.00x_circular%3Dtrue-blatX,JQ896231.1,100,895,0,0,49,943,1,895,0,1653
Zar11_CDS_-_psbA_Zar11_length%3D186244_depth%3D1.00x_circular%3Dtrue-blatX,KC819243.1,100,892,0,0,61,952,1,892,0,1648
Zar11_CDS_-_psbA_Zar11_length%3D186244_depth%3D1.00x_circular%3Dtrue-blatX,KC819266.1,100,889,0,0,64,952,1,889,0,1642
Zar11_CDS_-_psbA_Zar11_length%3D186244_depth%3D1.00x_circular%3Dtrue-blatX,GQ917708.1,100,888,0,0,28,915,1,888,0,1640
Zar11_CDS_-_psbA_Zar11_length%3D186244_depth%3D1.00x_circular%3Dtrue-blatX,KX828393.1,100,876,0,0,65,940,876,1,0,1618
Zar11_CDS_-_psbA_Zar11_length%3D186244_depth%3D1.00x_circular%3Dtrue-blatX,KC819255.1,98.767,892,11,0,61,952,1,892,0,1587
Zar11_CDS_-_psbA_Zar11_length%3D186244_depth%3D1.00x_circular%3Dtrue-blatX,KC819250.1,98.655,892,12,0,61,952,1,892,0,1581
Zar11_CDS_-_psbA_Zar11_length%3D186244_depth%3D1.00x_circular%3Dtrue-blatX,KT807944.1,100,851,0,0,78,928,1,851,0,1572
Zar11_CDS_-_psbA_Zar11_length%3D186244_depth%3D1.00x_circular%3Dtrue-blatX,MG191375.1,96.612,915,31,0,59,973,1,915,0,1519
Zar12_CDS_-_psbA_Zar12_length%3D186244_depth%3D1.00x_circular%3Dtrue-blatX,JQ896231.1,100,895,0,0,49,943,1,895,0,1653
Zar12_CDS_-_psbA_Zar12_length%3D186244_depth%3D1.00x_circular%3Dtrue-blatX,KC819243.1,100,892,0,0,61,952,1,892,0,1648
Zar12_CDS_-_psbA_Zar12_length%3D186244_depth%3D1.00x_circular%3Dtrue-blatX,KC819266.1,100,889,0,0,64,952,1,889,0,1642
Zar12_CDS_-_psbA_Zar12_length%3D186244_depth%3D1.00x_circular%3Dtrue-blatX,GQ917708.1,100,888,0,0,28,915,1,888,0,1640
Zar12_CDS_-_psbA_Zar12_length%3D186244_depth%3D1.00x_circular%3Dtrue-blatX,KX828393.1,100,876,0,0,65,940,876,1,0,1618
Zar12_CDS_-_psbA_Zar12_length%3D186244_depth%3D1.00x_circular%3Dtrue-blatX,KC819255.1,98.767,892,11,0,61,952,1,892,0,1587
Zar12_CDS_-_psbA_Zar12_length%3D186244_depth%3D1.00x_circular%3Dtrue-blatX,KC819250.1,98.655,892,12,0,61,952,1,892,0,1581
Zar12_CDS_-_psbA_Zar12_length%3D186244_depth%3D1.00x_circular%3Dtrue-blatX,KT807944.1,100,851,0,0,78,928,1,851,0,1572
Zar12_CDS_-_psbA_Zar12_length%3D186244_depth%3D1.00x_circular%3Dtrue-blatX,MG191375.1,96.612,915,31,0,59,973,1,915,0,1519
